CLZN_CD,RPRSN_KOFT,KOFTR_LIST,SMLRT_KOFT,ADDTN_KOFT,CTPRV_CD,SGNG_CD,ZONE_AREA,ETC_PCMTT,KOFTR_NM
0,환경보전림,,,,50,50130,367431.34143900000,,환경보전림
0,편백,,,,50,50130,101271.50297100000,,편백
0,소나무,,,,50,50110,97254.32793200000,,소나무
0,소나무,,,,50,50110,91054.68194150000,,소나무
0,편백,,,,50,50110,21463.54098000000,,편백
0,소나무,,,,50,50110,156099.42842200000,,소나무
0,편백,,,,50,50110,30522.92344250000,,편백
0,편백,,,,50,50110,90767.27590500000,,편백
0,소나무,,,,50,50110,1301474.15936000000,,소나무
0,소나무,,,,50,50110,291045.08869900000,,소나무
0,소나무,,,,50,50110,160319.40031400000,,소나무
0,환경보전림,,,,50,50110,35573.46130350000,,환경보전림
0,소나무,,,,50,50110,2033691.79679000000,,소나무
0,소나무,,,,50,50110,752671.88366900000,,소나무
0,환경보전림,,,,50,50110,93334.58772100000,,환경보전림
0,소나무,,,,50,50110,1836209.43027000000,,소나무
0,소나무,,,,50,50110,469709.42009900000,,소나무
0,"삼나무,소나무",,,,50,50110,24829.47793550000,,삼나무
0,"삼나무,소나무",,,,50,50110,15215.38938700000,,삼나무
0,"삼나무,소나무",,,,50,50110,66996.89535250000,,삼나무
0,"삼나무,소나무",,,,50,50110,306836.14916800000,,삼나무
0,소나무,,,,50,50110,341978.41780200000,,소나무
0,"삼나무,소나무",,,,50,50110,64006.28037849990,,삼나무
0,환경보전림,,,,50,50110,60348.96880550000,,환경보전림
0,소나무,,,,50,50110,238598.35672000000,,소나무
0,소나무,,,,50,50110,238598.35672000000,,소나무
0,"소나무,편백",,,,50,50110,296614.59655300000,,소나무
0,"소나무,편백",,,,50,50110,296614.59655300000,,소나무
0,소나무,,,,50,50110,431944.62360800000,,소나무
0,환경보전림,,,,50,50110,61112.39493700000,,환경보전림
0,소나무,,,,50,50110,233325.06385400000,,소나무
0,소나무,,,,50,50110,6596.95412038000,,소나무
0,환경보전림,,,,50,50110,118567.16885400000,,환경보전림
0,환경보전림,,,,50,50110,54183.51227950000,,환경보전림
0,환경보전림,,,,50,50110,17477.21933300000,,환경보전림
0,환경보전림,,,,50,50110,221761.49639800000,,환경보전림
0,환경보전림,,,,50,50110,262661.21752100000,,환경보전림
0,환경보전림,,,,50,50110,71809.69853750000,,환경보전림
0,환경보전림,,,,50,50110,95259.59159000000,,환경보전림
0,환경보전림,,,,50,50110,382957.92909200000,,환경보전림
0,환경보전림,,,,50,50110,24449.91122000000,,환경보전림
0,환경보전림,,,,50,50110,21583.26777750000,,환경보전림
0,환경보전림,,,,50,50110,336764.14331500000,,환경보전림
0,환경보전림,,,,50,50110,291020.56068400000,,환경보전림
0,환경보전림,,,,50,50110,107704.74093200000,,환경보전림
0,환경보전림,,,,50,50110,32608.13746450000,,환경보전림
0,환경보전림,,,,50,50110,1400229.82829000000,,환경보전림
0,환경보전림,,,,50,50110,18128.86477450000,,환경보전림
0,환경보전림,,,,50,50110,12089.36969650000,,환경보전림
0,환경보전림,,,,50,50110,146682.21287800000,,환경보전림
0,환경보전림,,,,50,50110,55440.41585350000,,환경보전림
0,환경보전림,,,,50,50110,19949.92468500000,,환경보전림
0,"삼나무,소나무,편백",,,,50,50110,36678.19600750000,,삼나무
0,"삼나무,소나무,편백",,,,50,50110,36678.19600750000,,삼나무
0,소나무,,,,50,50110,160426.30393600000,,소나무
0,소나무,,,,50,50110,160426.30393600000,,소나무
0,"소나무,편백",,,,50,50110,69747.39056700000,,소나무
0,소나무,,,,50,50110,426289.10744000000,,소나무
0,소나무,,,,50,50110,426289.10744000000,,소나무
0,"삼나무,소나무,편백",,,,50,50110,348738.71702100000,,삼나무
0,"삼나무,소나무,편백",,,,50,50110,348738.71702100000,,삼나무
0,편백,,,,50,50110,48958.22939450000,,편백
0,편백,,,,50,50110,42944.58498949990,,편백
0,편백,,,,50,50110,184925.77571600000,,편백
0,"삼나무,소나무",,,,50,50110,35246.29580900000,,삼나무
0,"소나무,편백",,,,50,50110,2189115.31015000000,,소나무
0,소나무,,,,50,50110,771924.86832600000,,소나무
0,편백,,,,50,50110,179948.12498800000,,편백
0,환경보전림,,,,50,50110,184961.77421200000,,환경보전림
0,편백,,,,50,50110,317353.87560800000,,편백
0,편백,,,,50,50110,37282.80620250000,,편백
0,소나무,,,,50,50110,25790.24042620000,,소나무
0,소나무,,,,50,50110,52584.44051149990,,소나무
0,소나무,,,,50,50110,454557.70974300000,,소나무
0,"소나무,편백",,,,50,50110,190953.29870200000,,소나무
0,소나무,,,,50,50110,277919.78554600000,,소나무
0,소나무,,,,50,50110,343296.10031600000,,소나무
0,소나무,,,,50,50110,259108.35729000000,,소나무
0,"소나무,편백",,,,50,50110,200515.61229900000,,소나무
0,소나무,,,,50,50110,121157.52149600000,,소나무
0,환경보전림,,,,50,50110,256484.46318400000,,환경보전림
0,소나무,,,,50,50110,3544361.83438000000,,소나무
0,소나무,,,,50,50110,26412.36715550000,,소나무
0,환경보전림,,,,50,50110,48562.72743100000,,환경보전림
0,편백,,,,50,50110,264222.80990500000,,편백
0,환경보전림,,,,50,50110,145981.50043900000,,환경보전림
0,"삼나무,소나무",,,,50,50110,34059.68647700000,,삼나무
0,소나무,,,,50,50110,518627.66893900000,,소나무
0,소나무,,,,50,50110,518627.66893900000,,소나무
0,"삼나무,소나무",,,,50,50110,556872.99756000000,,삼나무
0,소나무,,,,50,50110,119315.20561700000,,소나무
0,"소나무,편백",,,,50,50110,183536.41415100000,,소나무
0,소나무,,,,50,50110,296477.54823200000,,소나무
0,소나무,,,,50,50110,296477.54823200000,,소나무
0,편백,,,,50,50110,102153.57263200000,,편백
0,편백,,,,50,50110,102153.57263200000,,편백
0,편백,,,,50,50110,127954.04335400000,,편백
0,"삼나무,소나무,편백",,,,50,50110,225947.66401000000,,삼나무
0,환경보전림,,,,50,50110,110403.31209300000,,환경보전림
0,환경보전림,,,,50,50110,61206.65961600000,,환경보전림
0,환경보전림,,,,50,50110,323314.45390100000,,환경보전림
0,소나무,,,,50,50110,473543.52245000000,,소나무
0,환경보전림,,,,50,50110,31767.66744500000,,환경보전림
0,환경보전림,,,,50,50110,17632.96556800000,,환경보전림
0,환경보전림,,,,50,50110,29395.48308800000,,환경보전림
0,환경보전림,,,,50,50110,19656.81754200000,,환경보전림
0,환경보전림,,,,50,50110,14480.76917300000,,환경보전림
0,환경보전림,,,,50,50110,75224.03422950000,,환경보전림
0,환경보전림,,,,50,50110,55262.46566150000,,환경보전림
0,환경보전림,,,,50,50110,32758.87603500000,,환경보전림
0,환경보전림,,,,50,50110,131426.32349000000,,환경보전림
0,환경보전림,,,,50,50110,17872.60190550000,,환경보전림
0,환경보전림,,,,50,50110,8873.04944000000,,환경보전림
0,환경보전림,,,,50,50110,24402.52792050000,,환경보전림
0,환경보전림,,,,50,50110,157390.60887100000,,환경보전림
0,환경보전림,,,,50,50110,39089.89953250000,,환경보전림
0,환경보전림,,,,50,50110,64582.02077150000,,환경보전림
0,환경보전림,,,,50,50110,11942.94183950000,,환경보전림
0,환경보전림,,,,50,50110,5816.70292350000,,환경보전림
0,환경보전림,,,,50,50110,27113.46780600000,,환경보전림
0,환경보전림,,,,50,50110,28280.49453150000,,환경보전림
0,환경보전림,,,,50,50110,73881.89037750000,,환경보전림
0,환경보전림,,,,50,50110,11236.38793450000,,환경보전림
0,환경보전림,,,,50,50110,69032.78701500000,,환경보전림
0,환경보전림,,,,50,50110,88525.20082300000,,환경보전림
0,환경보전림,,,,50,50110,38206.69583350000,,환경보전림
0,환경보전림,,,,50,50110,75916.09938950000,,환경보전림
0,편백,,,,50,50110,116481.28489000000,,편백
0,소나무,,,,50,50110,68020.43167650000,,소나무
0,소나무,,,,50,50110,68020.43167650000,,소나무
0,"삼나무,소나무",,,,50,50110,82866.59794650000,,삼나무
0,소나무,,,,50,50110,283475.79272600000,,소나무
0,편백,,,,50,50110,22807.12596650000,,편백
0,환경보전림,,,,50,50110,33248.25877500000,,환경보전림
0,환경보전림,,,,50,50110,33248.25877500000,,환경보전림
0,,,,"모감주나무,소사나무",50,50110,360703.99639500000,,모감주나무
0,환경보전림,환경보전림,,,50,50130,5792495.68604000000,,환경보전림
0,환경보전림,환경보전림,,,50,50130,2113209.90340000000,,환경보전림
0,환경보전림,환경보전림,,,50,50130,4129102.04820000000,,환경보전림
0,환경보전림,가시나무류,,,50,50110,35854.77505800000,,환경보전림
0,환경보전림,가시나무류,,,50,50110,28230.38969750000,,환경보전림
0,환경보전림,가시나무류,,,50,50110,72892.86298200000,,환경보전림
0,환경보전림,가시나무류,,,50,50110,87269.43083150000,,환경보전림
0,삼나무,가시나무류,,,50,50110,71057.63269100000,,삼나무
0,환경보전림,환경보전림,,,50,50110,810914.34757100000,,환경보전림
0,삼나무,"가시나무류,황칠나무",,,50,50110,37888.48144350000,,삼나무
0,환경보전림,가시나무류,,,50,50110,61521.21294750000,,환경보전림
0,환경보전림,가시나무류,,,50,50110,110497.83442300000,,환경보전림
0,환경보전림,환경보전림,,,50,50110,34304.75230100000,,환경보전림
0,삼나무,가시나무류,,,50,50110,49963.79957550000,,삼나무
0,삼나무,가시나무류,,,50,50110,70683.27952900000,,삼나무
0,삼나무,"가시나무류,황칠나무",,,50,50110,29572.86690100000,,삼나무
0,삼나무,"가시나무류,황칠나무",,,50,50110,60192.15141550000,,삼나무
0,환경보전림,환경보전림,,,50,50110,86378.45404450000,,환경보전림
0,환경보전림,환경보전림,,,50,50110,226095.14040000000,,환경보전림
0,삼나무,"가시나무류,황칠나무",,,50,50110,182443.98517500000,,삼나무
0,환경보전림,환경보전림,,,50,50110,797166.55095300000,,환경보전림
0,환경보전림,환경보전림,,,50,50110,1675674.25020000000,,환경보전림
0,삼나무,"가시나무류,황칠나무",,,50,50110,42852.53742250000,,삼나무
0,삼나무,가시나무류,,,50,50110,22996.79283350000,,삼나무
0,삼나무,"가시나무류,황칠나무",,,50,50110,140159.03656000000,,삼나무
0,삼나무,"가시나무류,황칠나무",,,50,50110,15183.42207300000,,삼나무
0,삼나무,가시나무류,,,50,50110,35618.97410700000,,삼나무
0,환경보전림,환경보전림,,,50,50110,20839.54448450000,,환경보전림
0,삼나무,가시나무류,,,50,50110,53009.72221700000,,삼나무
0,삼나무,가시나무류,,,50,50110,117488.64763600000,,삼나무
0,삼나무,"가시나무류,황칠나무",,,50,50110,99303.50632000000,,삼나무
0,환경보전림,환경보전림,,,50,50110,166518.44899900000,,환경보전림
0,환경보전림,환경보전림,,,50,50110,709013.46214600000,,환경보전림
0,환경보전림,환경보전림,,,50,50110,283575.96191000000,,환경보전림
0,삼나무,가시나무류,,,50,50110,45686.24231450000,,삼나무
0,환경보전림,환경보전림,,,50,50110,205927.05858500000,,환경보전림
0,삼나무,"가시나무류,황칠나무",,,50,50110,44546.52760200000,,삼나무
0,삼나무,"가시나무류,황칠나무",,,50,50110,49119.95957750000,,삼나무
0,삼나무,"가시나무류,황칠나무",,,50,50110,19685.54948200000,,삼나무
0,삼나무,가시나무류,,,50,50110,57152.25848800000,,삼나무
0,삼나무,가시나무류,,,50,50110,22885.51781000000,,삼나무
0,삼나무,가시나무류,,,50,50110,183478.82675800000,,삼나무
0,삼나무,가시나무류,,,50,50110,33675.18299700000,,삼나무
0,삼나무,가시나무류,,,50,50110,98539.79268250000,,삼나무
0,삼나무,가시나무류,,,50,50110,63849.70508900000,,삼나무
0,삼나무,가시나무류,,,50,50110,17318.97656750000,,삼나무
0,삼나무,"가시나무류,황칠나무",,,50,50110,76814.28042250000,,삼나무
0,환경보전림,환경보전림,,,50,50110,303202.71350200000,,환경보전림
0,환경보전림,환경보전림,,,50,50110,303202.71350200000,,환경보전림
0,환경보전림,환경보전림,,,50,50110,54113.93341050000,,환경보전림
0,환경보전림,환경보전림,,,50,50110,35411.25044750000,,환경보전림
0,환경보전림,환경보전림,,,50,50110,53939.65152350000,,환경보전림
0,환경보전림,가시나무류,,,50,50110,27037.89002900000,,환경보전림
0,환경보전림,환경보전림,,,50,50110,81603.44314450000,,환경보전림
0,환경보전림,환경보전림,,,50,50110,81603.44314450000,,환경보전림
0,삼나무,가시나무류,,,50,50110,22714.02157450000,,삼나무
0,환경보전림,환경보전림,,,50,50110,55002.23249450000,,환경보전림
0,삼나무,가시나무류,,,50,50110,12345.08367050000,,삼나무
0,삼나무,가시나무류,,,50,50110,6515.29105950000,,삼나무
0,삼나무,가시나무류,,,50,50110,17042.77161300000,,삼나무
0,삼나무,"가시나무류,황칠나무",,,50,50110,265932.96388300000,,삼나무
0,환경보전림,환경보전림,,,50,50110,3287831.86276000000,,환경보전림
0,삼나무,"가시나무류,황칠나무",,,50,50110,17978.56989000000,,삼나무
0,삼나무,"가시나무류,황칠나무",,,50,50110,55544.33379700000,,삼나무
0,환경보전림,환경보전림,,,50,50110,3842009.93232000000,,환경보전림
0,환경보전림,가시나무류,,,50,50110,271809.98064300000,,환경보전림
0,삼나무,가시나무류,,,50,50110,245627.58575200000,,삼나무
0,삼나무,"가시나무류,황칠나무",,,50,50110,22188.37576600000,,삼나무
0,삼나무,"가시나무류,황칠나무",,,50,50110,20665.04915350000,,삼나무
0,삼나무,"가시나무류,황칠나무",,,50,50110,43985.95808350000,,삼나무
0,삼나무,"가시나무류,황칠나무",,,50,50110,260229.12236300000,,삼나무
0,삼나무,"가시나무류,황칠나무",,,50,50110,182478.82831300000,,삼나무
0,삼나무,"가시나무류,황칠나무",,,50,50110,28096.75156400000,,삼나무
0,삼나무,"가시나무류,황칠나무",,,50,50110,543488.57017900000,,삼나무
0,삼나무,"가시나무류,황칠나무",,,50,50110,10797.86804600000,,삼나무
0,삼나무,"가시나무류,황칠나무",,,50,50110,40871.17338849990,,삼나무
0,환경보전림,환경보전림,,,50,50110,269124.38626800000,,환경보전림
0,환경보전림,환경보전림,,,50,50110,20215.63209200000,,환경보전림
0,삼나무,"가시나무류,황칠나무",,,50,50110,21305.17120350000,,삼나무
0,환경보전림,환경보전림,,,50,50110,284655.82010800000,,환경보전림
0,환경보전림,환경보전림,,,50,50110,653129.73492400000,,환경보전림
0,환경보전림,환경보전림,,,50,50110,97280.97373250000,,환경보전림
0,삼나무,"가시나무류,황칠나무",,,50,50110,24305.78445800000,,삼나무
0,환경보전림,환경보전림,,,50,50110,358281.55582300000,,환경보전림
0,환경보전림,환경보전림,,,50,50110,8244031.88252000000,,환경보전림
0,환경보전림,환경보전림,,,50,50110,23517.03420250000,,환경보전림
0,환경보전림,환경보전림,,,50,50110,138706.93659400000,,환경보전림
0,환경보전림,가시나무류,,,50,50110,19880.00431200000,,환경보전림
0,환경보전림,가시나무류,,,50,50110,7195.93850450000,,환경보전림
0,환경보전림,가시나무류,,,50,50110,7195.93850450000,,환경보전림
0,소나무,"가시나무류,황칠나무",,,50,50110,58402.10210250000,,소나무
0,소나무,"가시나무류,황칠나무",,,50,50110,31133.37977050000,,소나무
0,환경보전림,환경보전림,,,50,50110,404841.16141900000,,환경보전림
0,환경보전림,환경보전림,,,50,50110,404841.16141900000,,환경보전림
0,환경보전림,가시나무류,,,50,50110,89394.09712950000,,환경보전림
0,소나무,"가시나무류,황칠나무",,,50,50110,137097.14461100000,,소나무
0,소나무,"가시나무류,황칠나무",,,50,50110,179556.29138000000,,소나무
0,소나무,"가시나무류,황칠나무",,,50,50110,19220.48529150000,,소나무
0,소나무,"가시나무류,황칠나무",,,50,50110,38658.75743750000,,소나무
0,소나무,"가시나무류,황칠나무",,,50,50110,21920.04700750000,,소나무
0,삼나무,가시나무류,,,50,50110,56412.19485650000,,삼나무
0,환경보전림,가시나무류,,,50,50110,250764.09739500000,,환경보전림
0,삼나무,가시나무류,,,50,50110,36059.78252150000,,삼나무
0,삼나무,가시나무류,,,50,50110,27037.26772600000,,삼나무
0,삼나무,가시나무류,,,50,50110,107591.40516200000,,삼나무
0,삼나무,가시나무류,,,50,50110,51769.12882050000,,삼나무
0,환경보전림,환경보전림,,,50,50110,196339.62124000000,,환경보전림
0,환경보전림,환경보전림,,,50,50110,196339.62124000000,,환경보전림
0,환경보전림,가시나무류,,,50,50110,268936.02797200000,,환경보전림
0,삼나무,가시나무류,,,50,50110,42037.05449400000,,삼나무
0,환경보전림,환경보전림,,,50,50110,63244.53232650000,,환경보전림
0,삼나무,가시나무류,,,50,50110,29128.09357900000,,삼나무
0,환경보전림,환경보전림,,,50,50110,193055.33391600000,,환경보전림
0,소나무,가시나무류,,,50,50110,47704.70472950000,,소나무
0,환경보전림,환경보전림,,,50,50110,645527.22883200000,,환경보전림
0,환경보전림,환경보전림,,,50,50110,976380.76626600000,,환경보전림
0,환경보전림,환경보전림,,,50,50110,2100283.70287000000,,환경보전림
0,삼나무,가시나무류,,,50,50110,19629.16532600000,,삼나무
0,환경보전림,환경보전림,,,50,50110,107460.56811400000,,환경보전림
0,삼나무,가시나무류,,,50,50110,29739.37469650000,,삼나무
0,삼나무,가시나무류,,,50,50110,41216.00592650000,,삼나무
0,소나무,가시나무류,,,50,50110,54490.21949600000,,소나무
0,삼나무,가시나무류,,,50,50110,11754.16382100000,,삼나무
0,환경보전림,환경보전림,,,50,50110,177949.43721000000,,환경보전림
0,환경보전림,가시나무류,,,50,50110,69698.96309050000,,환경보전림
0,환경보전림,환경보전림,,,50,50110,1838848.32979000000,,환경보전림
0,삼나무,가시나무류,,,50,50110,31970.09486250000,,삼나무
0,환경보전림,환경보전림,,,50,50110,395618.96380100000,,환경보전림
0,환경보전림,"가시나무류,비자나무,황칠나무",,,50,50110,193686.63235000000,,환경보전림
0,삼나무,가시나무류,,,50,50110,85803.45329100000,,삼나무
0,삼나무,가시나무류,,,50,50110,85803.45329100000,,삼나무
0,환경보전림,가시나무류,,,50,50110,97476.18734500000,,환경보전림
0,환경보전림,가시나무류,,,50,50110,406277.17899100000,,환경보전림
0,환경보전림,가시나무류,,,50,50110,32454.89279700000,,환경보전림
0,환경보전림,환경보전림,,,50,50110,486327.84304500000,,환경보전림
0,환경보전림,가시나무류,,,50,50110,35733.03637000000,,환경보전림
0,환경보전림,가시나무류,,,50,50110,40017.45413950000,,환경보전림
0,환경보전림,환경보전림,,,50,50110,42731.80705150000,,환경보전림
0,환경보전림,환경보전림,,,50,50110,717538.03214500000,,환경보전림
0,환경보전림,환경보전림,,,50,50110,93327.51162800000,,환경보전림
0,환경보전림,가시나무류,,,50,50110,208319.19378300000,,환경보전림
0,환경보전림,가시나무류,,,50,50110,85684.30033750000,,환경보전림
0,환경보전림,가시나무류,,,50,50110,53538.25748900000,,환경보전림
0,환경보전림,가시나무류,,,50,50110,48129.06849950000,,환경보전림
0,환경보전림,가시나무류,,,50,50110,7437.73510500000,,환경보전림
0,편백,가시나무류,,,50,50110,33125.01884050000,,편백
0,환경보전림,가시나무류,,,50,50110,9876.33522050000,,환경보전림
0,편백,가시나무류,,,50,50110,14869.23734200000,,편백
0,환경보전림,가시나무류,,,50,50110,56924.02840900000,,환경보전림
0,환경보전림,가시나무류,,,50,50110,134869.41588300000,,환경보전림
0,환경보전림,가시나무류,,,50,50110,515185.77514500000,,환경보전림
0,환경보전림,가시나무류,,,50,50110,8977.37491100000,,환경보전림
0,환경보전림,가시나무류,,,50,50110,647518.49547000000,,환경보전림
0,편백,가시나무류,,,50,50110,12803.81927300000,,편백
0,환경보전림,가시나무류,,,50,50110,666119.30957800000,,환경보전림
0,환경보전림,환경보전림,,,50,50110,1319668.67723000000,,환경보전림
0,환경보전림,환경보전림,,,50,50110,50057.52182850000,,환경보전림
0,환경보전림,가시나무류,,,50,50110,19021.76340250000,,환경보전림
0,환경보전림,가시나무류,,,50,50110,25014.12529000000,,환경보전림
0,환경보전림,환경보전림,,,50,50110,66453.89614750000,,환경보전림
0,"물푸레나무,소나무",,,"들메나무,헛개나무",50,50110,2057652.28514000000,,물푸레나무
0,"물푸레나무,소나무",,,"들메나무,헛개나무",50,50110,228788.57854600000,,물푸레나무
0,"물푸레나무,소나무",,,"들메나무,헛개나무",50,50110,2310323.25716000000,,물푸레나무
0,"물푸레나무,소나무",,,"들메나무,헛개나무",50,50110,1344563.83078000000,,물푸레나무
0,"물푸레나무,소나무",,,"들메나무,헛개나무",50,50110,31280.06840850000,,물푸레나무
0,"물푸레나무,소나무",,,"들메나무,헛개나무",50,50110,663743.72867000000,,물푸레나무
0,"물푸레나무,소나무",,,"들메나무,헛개나무",50,50110,663743.72867000000,,물푸레나무
0,"소나무,해송",가시나무류,,"모감주나무,소사나무",50,50110,25480.11367650000,,소나무
0,"소나무,해송","가시나무류,황칠나무",,"모감주나무,소사나무",50,50110,57702.10493800000,,소나무
0,"소나무,해송","가시나무류,황칠나무",,"모감주나무,소사나무",50,50110,56671.99192550000,,소나무
0,"소나무,해송","가시나무류,황칠나무",,"모감주나무,소사나무",50,50110,65362.15820300000,,소나무
0,"소나무,해송","가시나무류,황칠나무",,"모감주나무,소사나무",50,50110,16948.31783950000,,소나무
0,"소나무,해송","가시나무류,황칠나무",,"모감주나무,소사나무",50,50110,124266.41081100000,,소나무
0,"소나무,해송","가시나무류,황칠나무",,"모감주나무,소사나무",50,50110,66868.05348050000,,소나무
0,"소나무,해송","가시나무류,황칠나무",,"모감주나무,소사나무",50,50110,100868.22536600000,,소나무
0,"소나무,해송","가시나무류,황칠나무",,"모감주나무,소사나무",50,50110,69256.08454850000,,소나무
0,"소나무,해송","가시나무류,황칠나무",,"모감주나무,소사나무",50,50110,211011.02214500000,,소나무
0,"소나무,해송","가시나무류,황칠나무",,"모감주나무,소사나무",50,50110,12279.95555750000,,소나무
0,"소나무,해송",가시나무류,,"모감주나무,소사나무",50,50110,30391.69767200000,,소나무
0,"소나무,해송",가시나무류,,"모감주나무,소사나무",50,50110,22211.47854250000,,소나무
0,"소나무,해송",가시나무류,,"모감주나무,소사나무",50,50110,17083.96119250000,,소나무
0,"소나무,해송",가시나무류,,"모감주나무,소사나무",50,50110,48050.08129150000,,소나무
0,"소나무,해송",가시나무류,,"모감주나무,소사나무",50,50110,19270.62211050000,,소나무
0,"소나무,해송",가시나무류,,"모감주나무,소사나무",50,50110,172042.04068800000,,소나무
0,"소나무,해송",가시나무류,,"모감주나무,소사나무",50,50110,393598.59654000000,,소나무
0,"소나무,해송","가시나무류,황칠나무",,"모감주나무,소사나무",50,50110,396662.33290400000,,소나무
0,"소나무,해송","가시나무류,황칠나무",,"모감주나무,소사나무",50,50110,396662.33290400000,,소나무
0,"소나무,해송","가시나무류,황칠나무",,"모감주나무,소사나무",50,50110,10590.53990500000,,소나무
0,"소나무,해송","가시나무류,황칠나무",,"모감주나무,소사나무",50,50110,24037.22721350000,,소나무
0,"소나무,해송","가시나무류,황칠나무",,"모감주나무,소사나무",50,50110,66715.13327150000,,소나무
0,"소나무,해송","가시나무류,황칠나무",,"모감주나무,소사나무",50,50110,8640.41805450000,,소나무
0,"소나무,해송","가시나무류,황칠나무",,"모감주나무,소사나무",50,50110,51751.47558100000,,소나무
0,"소나무,해송","가시나무류,황칠나무",,"모감주나무,소사나무",50,50110,28939.56655250000,,소나무
0,"소나무,해송","가시나무류,황칠나무",,"모감주나무,소사나무",50,50110,124663.32703400000,,소나무
0,"소나무,해송","가시나무류,황칠나무",,"모감주나무,소사나무",50,50110,35383.62251250000,,소나무
0,"소나무,해송","가시나무류,황칠나무",,"모감주나무,소사나무",50,50110,33577.29021650000,,소나무
0,"소나무,해송",가시나무류,,"모감주나무,소사나무",50,50110,29335.33741700000,,소나무
0,"소나무,해송",가시나무류,,"모감주나무,소사나무",50,50110,358865.03223800000,,소나무
0,"소나무,해송","가시나무류,황칠나무",,"모감주나무,소사나무",50,50110,181237.16173200000,,소나무
0,"소나무,해송",가시나무류,,"모감주나무,소사나무",50,50110,298356.99735000000,,소나무
0,"소나무,해송",가시나무류,,"모감주나무,소사나무",50,50110,34302.64360050000,,소나무
0,"소나무,해송","가시나무류,황칠나무",,"모감주나무,소사나무",50,50110,105863.89270000000,,소나무
0,"소나무,해송","가시나무류,황칠나무",,"모감주나무,소사나무",50,50110,17063.49297050000,,소나무
0,"소나무,해송","가시나무류,황칠나무",,"모감주나무,소사나무",50,50110,17063.49297050000,,소나무
0,"소나무,해송","가시나무류,황칠나무",,"모감주나무,소사나무",50,50110,43628.01537550000,,소나무
0,"소나무,해송","가시나무류,황칠나무",,"모감주나무,소사나무",50,50110,38562.40549550000,,소나무
0,"소나무,해송","가시나무류,황칠나무",,"모감주나무,소사나무",50,50110,67074.67509850000,,소나무
0,"소나무,해송","가시나무류,황칠나무",,"모감주나무,소사나무",50,50110,84748.33814450000,,소나무
0,"소나무,해송","가시나무류,황칠나무",,"모감주나무,소사나무",50,50110,84748.33814450000,,소나무
0,"소나무,해송","가시나무류,황칠나무",,"모감주나무,소사나무",50,50110,391381.22314500000,,소나무
0,"소나무,해송","가시나무류,황칠나무",,"모감주나무,소사나무",50,50110,27529.93085400000,,소나무
0,"소나무,해송",가시나무류,,"모감주나무,소사나무",50,50110,17070.87114350000,,소나무
0,"소나무,해송",가시나무류,,"모감주나무,소사나무",50,50110,10212.78130250000,,소나무
0,"소나무,해송",가시나무류,,"모감주나무,소사나무",50,50110,22253.97155850000,,소나무
0,"소나무,해송",가시나무류,,"모감주나무,소사나무",50,50110,31070.66757800000,,소나무
0,"소나무,해송",가시나무류,,"모감주나무,소사나무",50,50110,171679.09422200000,,소나무
0,"소나무,해송","가시나무류,황칠나무",,"모감주나무,소사나무",50,50110,29497.58900800000,,소나무
0,"소나무,해송","가시나무류,황칠나무",,"모감주나무,소사나무",50,50110,20577.28670950000,,소나무
0,"소나무,해송",가시나무류,,"모감주나무,소사나무",50,50110,29176.66331600000,,소나무
0,"소나무,해송","가시나무류,황칠나무",,"모감주나무,소사나무",50,50110,96863.79909800000,,소나무
0,"소나무,해송",가시나무류,,"모감주나무,소사나무",50,50110,37271.84193350000,,소나무
0,"소나무,해송","가시나무류,황칠나무",,"모감주나무,소사나무",50,50110,355301.48623600000,,소나무
0,"소나무,해송",가시나무류,,"모감주나무,소사나무",50,50110,22911.76064400000,,소나무
0,"소나무,해송",가시나무류,,"모감주나무,소사나무",50,50110,16453.66849950000,,소나무
0,"소나무,해송",가시나무류,,"모감주나무,소사나무",50,50110,40631.70626500000,,소나무
0,"소나무,해송","가시나무류,황칠나무",,"모감주나무,소사나무",50,50110,1129632.05699000000,,소나무
0,"소나무,해송",가시나무류,,"모감주나무,소사나무",50,50110,50615.18423650000,,소나무
0,"소나무,해송",가시나무류,,"모감주나무,소사나무",50,50110,130565.84656900000,,소나무
0,"소나무,해송",가시나무류,,"모감주나무,소사나무",50,50110,291836.06570300000,,소나무
0,"소나무,해송",가시나무류,,"모감주나무,소사나무",50,50110,54925.24805650000,,소나무
0,"소나무,해송",가시나무류,,"모감주나무,소사나무",50,50110,87501.59877000000,,소나무
0,"소나무,해송",가시나무류,,"모감주나무,소사나무",50,50110,41103.69321900000,,소나무
0,"소나무,해송",가시나무류,,"모감주나무,소사나무",50,50110,15453.83804050000,,소나무
0,"소나무,해송",가시나무류,,"모감주나무,소사나무",50,50110,16564.48303550000,,소나무
0,"소나무,해송",가시나무류,,"모감주나무,소사나무",50,50110,326412.17168100000,,소나무
0,"소나무,해송",가시나무류,,"모감주나무,소사나무",50,50110,23497.82650350000,,소나무
0,"소나무,해송",가시나무류,,"모감주나무,소사나무",50,50110,23244.98238100000,,소나무
0,"소나무,해송",가시나무류,,"모감주나무,소사나무",50,50110,59010.57163950000,,소나무
0,"소나무,해송",가시나무류,,"모감주나무,소사나무",50,50110,22565.49811100000,,소나무
0,"소나무,해송",가시나무류,,"모감주나무,소사나무",50,50110,4085.44574700000,,소나무
0,"소나무,해송",가시나무류,,"모감주나무,소사나무",50,50110,100986.88452200000,,소나무
0,"소나무,해송",가시나무류,,"모감주나무,소사나무",50,50110,4105.27718500000,,소나무
0,"소나무,해송",가시나무류,,"모감주나무,소사나무",50,50110,7676.50793850000,,소나무
0,"소나무,해송",가시나무류,,"모감주나무,소사나무",50,50110,19748.84230850000,,소나무
0,"소나무,해송",가시나무류,,"모감주나무,소사나무",50,50110,96687.90174750000,,소나무
0,"소나무,해송",가시나무류,,"모감주나무,소사나무",50,50110,13758.87119000000,,소나무
0,"소나무,해송",가시나무류,,"모감주나무,소사나무",50,50110,93425.26138050000,,소나무
0,"소나무,해송",가시나무류,,"모감주나무,소사나무",50,50110,19830.58716300000,,소나무
0,"소나무,해송",가시나무류,,"모감주나무,소사나무",50,50110,115331.09305100000,,소나무
0,"소나무,해송",가시나무류,,"모감주나무,소사나무",50,50110,46047.43148500000,,소나무
0,"소나무,해송",가시나무류,,"모감주나무,소사나무",50,50110,70295.18736150000,,소나무
0,"소나무,해송","가시나무류,황칠나무",,"모감주나무,소사나무",50,50110,137848.25715300000,,소나무
0,"소나무,해송",가시나무류,,"모감주나무,소사나무",50,50110,82064.84328300000,,소나무
0,환경보전림,,,,50,50130,160659.45878400000,,환경보전림
0,환경보전림,,,,50,50130,160284.76527000000,,환경보전림
0,환경보전림,,,,50,50130,528310.66417000000,,환경보전림
0,소나무,,,,50,50130,68067.32917400000,,소나무
0,소나무,,,,50,50130,141809.20888100000,,소나무
0,소나무,,,,50,50130,315490.83221800000,,소나무
0,소나무,,,,50,50130,315490.83221800000,,소나무
0,소나무,,,,50,50130,143916.23873100000,,소나무
0,소나무,,,,50,50130,1314431.88222000000,,소나무
0,"삼나무,소나무,편백",,,,50,50130,809796.59341000000,,삼나무
0,소나무,,,,50,50110,146822.78987200000,,소나무
0,환경보전림,,,,50,50110,352233.62928700000,,환경보전림
0,환경보전림,,,,50,50110,25121.46848800000,,환경보전림
0,소나무,,,,50,50110,68161.82727400000,,소나무
0,환경보전림,,,,50,50110,176916.75648500000,,환경보전림
0,편백,,,,50,50110,367388.23410500000,,편백
0,"삼나무,소나무,편백",,,,50,50110,106155.64558700000,,삼나무
0,편백,,,,50,50110,68529.93697050000,,편백
0,편백,,,,50,50110,43959.94943450000,,편백
0,편백,,,,50,50110,43068.90624100000,,편백
0,편백,,,,50,50110,81820.75772700000,,편백
0,편백,,,,50,50110,84687.90649950000,,편백
0,편백,,,,50,50110,27474.49353000000,,편백
0,편백,,,,50,50110,16527.89246750000,,편백
0,삼나무,,,,50,50110,44472.44753000000,,삼나무
0,"삼나무,소나무,편백",,,,50,50110,131678.18934800000,,삼나무
0,삼나무,,,,50,50110,26574.57172500000,,삼나무
0,삼나무,,,,50,50110,26574.57172500000,,삼나무
0,편백,,,,50,50110,10730.92439000000,,편백
0,"소나무,편백",,,,50,50110,81148.08178200000,,소나무
0,"삼나무,소나무",,,,50,50110,63384.09312250000,,삼나무
0,편백,,,,50,50110,407550.78254100000,,편백
0,"소나무,편백",,,,50,50110,305148.30313900000,,소나무
0,"삼나무,소나무,편백",,,,50,50110,423347.78745400000,,삼나무
0,소나무,,,,50,50110,92734.57747900000,,소나무
0,삼나무,,,,50,50110,80922.77488800000,,삼나무
0,소나무,,,,50,50110,152559.12613100000,,소나무
0,"삼나무,소나무,편백",,,,50,50110,94188.44836250000,,삼나무
0,편백,,,,50,50110,19419.48844800000,,편백
0,삼나무,,,,50,50110,62133.35197200000,,삼나무
0,"소나무,편백",,,,50,50110,36670.69631200000,,소나무
0,"삼나무,소나무,편백",,,,50,50110,123852.13964800000,,삼나무
0,"삼나무,소나무,편백",,,,50,50110,110466.92666500000,,삼나무
0,환경보전림,,,,50,50110,116941.72664200000,,환경보전림
0,소나무,,,,50,50110,67698.17072310000,,소나무
0,소나무,,,,50,50110,118885.42333700000,,소나무
0,소나무,,,,50,50110,6700.47007950000,,소나무
0,소나무,,,,50,50110,6700.47007950000,,소나무
0,환경보전림,,,,50,50110,18001.92877420000,,환경보전림
0,환경보전림,,,,50,50110,18001.92877420000,,환경보전림
0,삼나무,,,,50,50110,97751.88041900000,,삼나무
0,소나무,,,,50,50110,114338.68679900000,,소나무
0,소나무,,,,50,50110,304465.28152300000,,소나무
0,"삼나무,소나무",,,,50,50110,77533.82587500000,,삼나무
0,"삼나무,소나무",,,,50,50110,109052.45175600000,,삼나무
0,편백,,,,50,50110,165194.37763800000,,편백
0,편백,,,,50,50110,218669.46368300000,,편백
0,소나무,,,,50,50110,544815.17383400000,,소나무
0,소나무,,,,50,50110,34564.10743800000,,소나무
0,편백,,,,50,50110,684605.67802600000,,편백
0,소나무,,,,50,50110,272687.51622500000,,소나무
0,"삼나무,소나무,편백",,,,50,50110,439963.35421400000,,삼나무
0,"삼나무,소나무,편백",,,,50,50110,45536.36869000000,,삼나무
0,소나무,,,,50,50110,580700.59714800000,,소나무
0,삼나무,,,,50,50110,36471.18650650000,,삼나무
0,소나무,,,,50,50110,556851.17385200000,,소나무
0,"삼나무,소나무,편백",,,,50,50110,832082.19471700000,,삼나무
0,"삼나무,소나무,편백",,,,50,50110,325827.09290600000,,삼나무
0,소나무,,,,50,50110,134662.46738200000,,소나무
0,소나무,,,,50,50110,134662.46738200000,,소나무
0,소나무,,,,50,50110,417072.55016200000,,소나무
0,"삼나무,소나무,편백",,,,50,50110,90892.42124300000,,삼나무
0,소나무,,,,50,50110,176908.92263400000,,소나무
0,소나무,,,,50,50110,176908.92263400000,,소나무
0,소나무,,,,50,50110,176908.92263400000,,소나무
0,소나무,,,,50,50110,176908.92263400000,,소나무
0,소나무,,,,50,50110,322878.76680000000,,소나무
0,소나무,,,,50,50110,322878.76680000000,,소나무
0,소나무,,,,50,50110,322878.76680000000,,소나무
0,소나무,,,,50,50110,4650511.86285000000,,소나무
0,소나무,,,,50,50110,4650511.86285000000,,소나무
0,소나무,,,,50,50110,228839.62461600000,,소나무
0,환경보전림,,,,50,50110,298618.50893200000,,환경보전림
0,환경보전림,,,,50,50110,105391.37919500000,,환경보전림
0,소나무,,,,50,50110,290449.79318200000,,소나무
0,소나무,,,,50,50110,25780.11368240000,,소나무
0,환경보전림,,,,50,50110,254507.01349200000,,환경보전림
0,소나무,,,,50,50110,943338.60432400000,,소나무
0,환경보전림,,,,50,50110,65524.23461190000,,환경보전림
0,소나무,,,,50,50110,491355.23843800000,,소나무
0,환경보전림,,,,50,50110,49598.49434450000,,환경보전림
0,환경보전림,,,,50,50110,216201.86750800000,,환경보전림
0,소나무,,,,50,50110,772765.14883200000,,소나무
0,소나무,,,,50,50110,319912.96518900000,,소나무
0,환경보전림,,,,50,50110,264142.25481900000,,환경보전림
0,환경보전림,,,,50,50110,264142.25481900000,,환경보전림
0,환경보전림,,,,50,50110,8863.40360200000,,환경보전림
0,소나무,,,,50,50110,231061.41805400000,,소나무
0,소나무,,,,50,50110,231061.41805400000,,소나무
0,소나무,,,,50,50110,2728.48573383000,,소나무
0,소나무,,,,50,50110,2728.48573383000,,소나무
0,소나무,,,,50,50110,132171.53689700000,,소나무
0,소나무,,,,50,50110,132171.53689700000,,소나무
0,소나무,,,,50,50110,344110.49162500000,,소나무
0,소나무,,,,50,50110,344110.49162500000,,소나무
0,소나무,,,,50,50110,139206.13923500000,,소나무
0,소나무,,,,50,50110,139206.13923500000,,소나무
0,삼나무,,,,50,50110,33671.95256600000,,삼나무
0,삼나무,,,,50,50110,159028.64841500000,,삼나무
0,소나무,,,,50,50110,822164.52024300000,,소나무
0,소나무,,,,50,50110,822164.52024300000,,소나무
0,환경보전림,,,,50,50110,11185.79777850000,,환경보전림
0,소나무,,,,50,50110,36026.51485800000,,소나무
0,삼나무,,,,50,50110,21641.67001700000,,삼나무
0,삼나무,,,,50,50110,129756.87616600000,,삼나무
0,삼나무,,,,50,50110,30764.57883450000,,삼나무
0,편백,,,,50,50110,5029.11969800000,,편백
0,소나무,,,,50,50110,44413.59643450000,,소나무
0,소나무,,,,50,50110,243705.49601600000,,소나무
0,"소나무,편백",,,,50,50110,232070.18813300000,,소나무
0,"소나무,편백",,,,50,50110,349274.92220000000,,소나무
0,"소나무,편백",,,,50,50110,137995.60207900000,,소나무
0,편백,,,,50,50110,114843.94338100000,,편백
0,편백,,,,50,50110,118406.95502700000,,편백
0,소나무,,,,50,50110,42889.83153750000,,소나무
0,편백,,,,50,50110,286038.78759900000,,편백
0,편백,,,,50,50110,268532.41279100000,,편백
0,"삼나무,소나무,편백",,,,50,50110,563778.42489900000,,삼나무
0,편백,,,,50,50110,597602.17469200000,,편백
0,"삼나무,소나무,편백",,,,50,50110,51601.56126050000,,삼나무
0,편백,,,,50,50110,27114.90201350000,,편백
0,"삼나무,소나무,편백",,,,50,50110,157864.27199600000,,삼나무
0,삼나무,,,,50,50110,140907.42870500000,,삼나무
0,"삼나무,소나무",,,,50,50110,111376.48319100000,,삼나무
0,소나무,,,,50,50110,369028.43446800000,,소나무
0,편백,,,,50,50110,364784.67576900000,,편백
0,삼나무,,,,50,50110,386269.67006600000,,삼나무
0,편백,,,,50,50110,161512.38059000000,,편백
0,삼나무,,,,50,50110,427743.28514400000,,삼나무
0,"소나무,편백",,,,50,50110,15346.46022950000,,소나무
0,삼나무,,,,50,50110,174602.62602300000,,삼나무
0,삼나무,,,,50,50110,174602.62602300000,,삼나무
0,소나무,,,,50,50110,196532.66551600000,,소나무
0,소나무,,,,50,50110,196532.66551600000,,소나무
0,편백,,,,50,50110,37647.68822850000,,편백
0,편백,,,,50,50110,38759.65808550000,,편백
0,"소나무,편백",,,,50,50110,605242.24089500000,,소나무
0,삼나무,,,,50,50110,40260.11482300000,,삼나무
0,삼나무,,,,50,50110,165428.06522800000,,삼나무
0,삼나무,,,,50,50110,142112.55126100000,,삼나무
0,소나무,,,,50,50110,100988.11748100000,,소나무
0,삼나무,,,,50,50110,22955.36626350000,,삼나무
0,편백,,,,50,50110,11760.02703850000,,편백
0,삼나무,,,,50,50110,31733.79786900000,,삼나무
0,소나무,,,,50,50110,304345.98145000000,,소나무
0,편백,,,,50,50110,476913.26690500000,,편백
0,편백,,,,50,50110,54909.87961100000,,편백
0,삼나무,,,,50,50110,48823.62959750000,,삼나무
0,편백,,,,50,50110,101782.27675600000,,편백
0,삼나무,,,,50,50110,112539.86728900000,,삼나무
0,환경보전림,,,,50,50110,230017.22717800000,,환경보전림
0,"소나무,편백",,,,50,50110,135032.78666300000,,소나무
0,"소나무,편백",,,,50,50110,338760.44749200000,,소나무
0,환경보전림,,,,50,50110,94881.36104500000,,환경보전림
0,"삼나무,소나무,편백",,,,50,50110,148561.95215700000,,삼나무
0,소나무,,,,50,50110,1559.00492300000,,소나무
0,소나무,,,,50,50110,7304274.77092000000,,소나무
0,소나무,,,,50,50110,7304274.77092000000,,소나무
0,소나무,,,,50,50110,244309.25105000000,,소나무
0,소나무,,,,50,50110,244309.25105000000,,소나무
0,편백,,,,50,50110,78577.46143450000,,편백
0,삼나무,,,,50,50110,86985.05750350000,,삼나무
0,편백,,,,50,50110,128025.54397400000,,편백
0,삼나무,,,,50,50110,64662.07391900000,,삼나무
0,편백,,,,50,50110,144936.00613700000,,편백
0,소나무,,,,50,50110,145679.83938400000,,소나무
0,삼나무,,,,50,50110,300402.21587900000,,삼나무
0,환경보전림,,,,50,50110,13710.36566600000,,환경보전림
0,삼나무,,,,50,50110,12089.60357250000,,삼나무
0,환경보전림,,,,50,50110,148295.29695300000,,환경보전림
0,환경보전림,,,,50,50110,173136.28145800000,,환경보전림
0,환경보전림,,,,50,50110,96621.38682250000,,환경보전림
0,환경보전림,,,,50,50110,70028.39956400000,,환경보전림
0,"삼나무,소나무,편백",,,,50,50110,489672.78143400000,,삼나무
0,"삼나무,소나무,편백",,,,50,50110,564816.20133600000,,삼나무
0,"삼나무,소나무,편백",,,,50,50110,678744.20550600000,,삼나무
0,환경보전림,,,,50,50110,77040.30537300000,,환경보전림
0,환경보전림,,,,50,50110,33057.73512250000,,환경보전림
0,환경보전림,,,,50,50110,34056.64195050000,,환경보전림
0,환경보전림,,,,50,50110,34056.64195050000,,환경보전림
0,소나무,,,,50,50110,64916.39305400000,,소나무
0,환경보전림,,,,50,50110,317260.53295900000,,환경보전림
0,환경보전림,,,,50,50110,317260.53295900000,,환경보전림
0,환경보전림,,,,50,50110,317260.53295900000,,환경보전림
0,환경보전림,,,,50,50110,157645.74638300000,,환경보전림
0,환경보전림,,,,50,50110,157645.74638300000,,환경보전림
0,환경보전림,,,,50,50110,157645.74638300000,,환경보전림
0,환경보전림,,,,50,50110,68796.39294350000,,환경보전림
0,환경보전림,,,,50,50110,72723.22091010000,,환경보전림
0,소나무,,,,50,50110,96374.30485450000,,소나무
0,소나무,,,,50,50110,34929.83756600000,,소나무
0,소나무,,,,50,50110,817279.78947800000,,소나무
0,환경보전림,,,,50,50110,249160.27061200000,,환경보전림
0,환경보전림,,,,50,50110,7017.97001750000,,환경보전림
0,환경보전림,,,,50,50110,416808.41871600000,,환경보전림
0,환경보전림,,,,50,50110,75364.63717900000,,환경보전림
0,환경보전림,,,,50,50110,107076.46982000000,,환경보전림
0,소나무,,,,50,50110,635770.10858400000,,소나무
0,소나무,,,,50,50110,114271.19073100000,,소나무
0,소나무,,,,50,50110,372316.06104400000,,소나무
0,소나무,,,,50,50110,372316.06104400000,,소나무
0,소나무,,,,50,50110,495223.20650800000,,소나무
0,소나무,,,,50,50110,13081.78014700000,,소나무
0,환경보전림,,,,50,50110,75976.38416000000,,환경보전림
0,환경보전림,,,,50,50110,55933.59411250000,,환경보전림
0,소나무,,,,50,50110,30678.11466400000,,소나무
0,환경보전림,,,,50,50110,14160.48664450000,,환경보전림
0,환경보전림,,,,50,50110,14160.48664450000,,환경보전림
0,소나무,,,,50,50110,341699.70113100000,,소나무
0,소나무,,,,50,50110,1811023.68677000000,,소나무
0,소나무,,,,50,50110,713441.81441000000,,소나무
0,소나무,,,,50,50110,713441.81441000000,,소나무
0,소나무,,,,50,50110,209366.93644100000,,소나무
0,환경보전림,,,,50,50110,78857.58861300000,,환경보전림
0,환경보전림,,,,50,50110,78857.58861300000,,환경보전림
0,소나무,,,,50,50110,522960.92114100000,,소나무
0,환경보전림,,,,50,50110,26276.54204850000,,환경보전림
0,소나무,,,,50,50110,24446.35489050000,,소나무
0,삼나무,,,,50,50110,59933.83494100000,,삼나무
0,삼나무,,,,50,50110,617736.25961200000,,삼나무
0,삼나무,,,,50,50110,20886.09385400000,,삼나무
0,삼나무,,,,50,50110,188823.37273600000,,삼나무
0,삼나무,,,,50,50110,29939.06221000000,,삼나무
0,삼나무,,,,50,50110,24586.37477300000,,삼나무
0,편백,,,,50,50110,8190.14466450000,,편백
0,편백,,,,50,50110,4687.89037250000,,편백
0,삼나무,,,,50,50110,37181.03532900000,,삼나무
0,환경보전림,,,,50,50110,45233.35902350000,,환경보전림
0,환경보전림,,,,50,50110,8366.03014350000,,환경보전림
0,환경보전림,,,,50,50110,1272.32901050000,,환경보전림
0,환경보전림,,,,50,50110,10732.77592550000,,환경보전림
0,환경보전림,,,,50,50110,3694.03310300000,,환경보전림
0,환경보전림,,,,50,50110,371398.20091700000,,환경보전림
0,환경보전림,,,,50,50110,9486.63860322000,,환경보전림
0,소나무,,,,50,50110,25721.42714900000,,소나무
0,"삼나무,소나무,편백",,,,50,50110,5705.69870201000,,삼나무
0,"삼나무,소나무,편백",,,,50,50110,29910.47608450000,,삼나무
0,"삼나무,소나무,편백",,,,50,50110,1143898.69993000000,,삼나무
0,"삼나무,소나무,편백",,,,50,50110,1143898.69993000000,,삼나무
0,소나무,,,,50,50110,6973.33803400000,,소나무
0,소나무,,,,50,50110,6973.33803400000,,소나무
0,"삼나무,소나무,편백",,,,50,50110,325348.33476100000,,삼나무
0,"삼나무,소나무,편백",,,,50,50110,325348.33476100000,,삼나무
0,편백,,,,50,50110,303511.36775500000,,편백
0,소나무,,,,50,50110,3297735.58432000000,,소나무
0,환경보전림,,,,50,50110,195233.37514000000,,환경보전림
0,환경보전림,,,,50,50110,1849288.54349000000,,환경보전림
0,소나무,,,,50,50110,33456.97097400000,,소나무
0,소나무,,,,50,50110,33456.97097400000,,소나무
0,"삼나무,소나무,편백",,,,50,50110,617670.55285900000,,삼나무
0,편백,,,,50,50110,163977.55186700000,,편백
0,소나무,,,,50,50110,10394.91449800000,,소나무
0,소나무,,,,50,50110,255465.07483200000,,소나무
0,소나무,,,,50,50110,1090703.43917000000,,소나무
0,소나무,,,,50,50110,18859.89282500000,,소나무
0,소나무,,,,50,50110,18859.89282500000,,소나무
0,소나무,,,,50,50110,356545.34512300000,,소나무
0,소나무,,,,50,50110,356545.34512300000,,소나무
0,소나무,,,,50,50110,122886.64624200000,,소나무
0,"삼나무,소나무,편백",,,,50,50110,200443.65897600000,,삼나무
0,환경보전림,,,,50,50110,10064.30900700000,,환경보전림
0,환경보전림,,,,50,50110,10064.30900700000,,환경보전림
0,"삼나무,소나무,편백",,,,50,50110,40034.36795950000,,삼나무
0,"삼나무,소나무,편백",,,,50,50110,1190223.32022000000,,삼나무
0,환경보전림,,,,50,50110,181448.02449100000,,환경보전림
0,환경보전림,,,,50,50110,181448.02449100000,,환경보전림
0,소나무,,,,50,50110,247237.12286900000,,소나무
0,환경보전림,,,,50,50110,149557.04065100000,,환경보전림
0,소나무,,,,50,50110,90265.02205350000,,소나무
0,"삼나무,소나무,편백",,,,50,50110,237175.46709000000,,삼나무
0,소나무,,,,50,50110,394706.42252700000,,소나무
0,소나무,,,,50,50110,394706.42252700000,,소나무
0,환경보전림,,,,50,50110,66540.59846750000,,환경보전림
0,환경보전림,,,,50,50110,66540.59846750000,,환경보전림
0,삼나무,,,,50,50110,7079.33280128000,,삼나무
0,삼나무,,,,50,50110,7079.33280128000,,삼나무
0,소나무,,,,50,50110,119889.05589200000,,소나무
0,소나무,,,,50,50110,1095233.76298000000,,소나무
0,소나무,,,,50,50110,312907.70859600000,,소나무
0,"삼나무,소나무,편백",,,,50,50110,358141.64167500000,,삼나무
0,소나무,,,,50,50110,400577.68667100000,,소나무
0,소나무,,,,50,50110,279884.53783800000,,소나무
0,소나무,,,,50,50110,279884.53783800000,,소나무
0,환경보전림,,,,50,50110,205932.65132600000,,환경보전림
0,소나무,,,,50,50110,2680268.27536000000,,소나무
0,소나무,,,,50,50110,2680268.27536000000,,소나무
0,"삼나무,소나무,편백",,,,50,50110,1034511.04904000000,,삼나무
0,소나무,,,,50,50110,155517.33076400000,,소나무
0,소나무,,,,50,50110,1070957.74522000000,,소나무
0,소나무,,,,50,50110,1505662.88707000000,,소나무
0,환경보전림,,,,50,50110,625192.44848000000,,환경보전림
0,환경보전림,,,,50,50110,625192.44848000000,,환경보전림
0,소나무,,,,50,50110,270529.20970000000,,소나무
0,소나무,,,,50,50110,270529.20970000000,,소나무
0,소나무,,,,50,50110,185925.93179300000,,소나무
0,소나무,,,,50,50110,185925.93179300000,,소나무
0,소나무,,,,50,50110,115065.45670600000,,소나무
0,소나무,,,,50,50110,115065.45670600000,,소나무
0,소나무,,,,50,50110,928565.80668200000,,소나무
0,소나무,,,,50,50110,928565.80668200000,,소나무
0,소나무,,,,50,50110,600182.93098500000,,소나무
0,소나무,,,,50,50110,600182.93098500000,,소나무
0,환경보전림,,,,50,50110,741113.46656800000,,환경보전림
0,환경보전림,,,,50,50110,741113.46656800000,,환경보전림
0,환경보전림,,,,50,50110,12521.52036700000,,환경보전림
0,환경보전림,,,,50,50110,12521.52036700000,,환경보전림
0,환경보전림,,,,50,50110,41408.34790350000,,환경보전림
0,환경보전림,,,,50,50110,41408.34790350000,,환경보전림
0,소나무,,,,50,50110,163006.53198700000,,소나무
0,소나무,,,,50,50110,163006.53198700000,,소나무
0,소나무,,,,50,50110,466785.77454300000,,소나무
0,"삼나무,소나무,편백",,,,50,50110,939017.33179300000,,삼나무
0,소나무,,,,50,50110,3367000.15952000000,,소나무
0,"삼나무,소나무,편백",,,,50,50110,2605364.00301000000,,삼나무
0,소나무,,,,50,50110,756001.99818100000,,소나무
0,소나무,,,,50,50110,2729.52722050000,,소나무
0,소나무,,,,50,50110,73216.43697050000,,소나무
0,소나무,,,,50,50110,73216.43697050000,,소나무
0,"삼나무,소나무",,,,50,50110,255159.41879700000,,삼나무
0,편백,,,,50,50110,206588.17930600000,,편백
0,환경보전림,,,,50,50110,67648.23184800000,,환경보전림
0,소나무,,,,50,50110,1234641.85227000000,,소나무
0,소나무,,,,50,50110,923673.85118200000,,소나무
0,소나무,,,,50,50110,76998.09064900000,,소나무
0,환경보전림,,,,50,50110,36197.61358350000,,환경보전림
0,환경보전림,,,,50,50110,36197.61358350000,,환경보전림
0,"삼나무,소나무,편백",,,,50,50110,204514.51997800000,,삼나무
0,"삼나무,소나무,편백",,,,50,50110,116740.97970400000,,삼나무
0,환경보전림,,,,50,50110,490551.32019600000,,환경보전림
0,환경보전림,,,,50,50110,490551.32019600000,,환경보전림
0,삼나무,,,,50,50110,113576.17081700000,,삼나무
0,삼나무,,,,50,50110,113072.89602200000,,삼나무
0,소나무,,,,50,50110,295954.74827400000,,소나무
0,소나무,,,,50,50110,854976.64990700000,,소나무
0,환경보전림,,,,50,50110,2490172.84132000000,,환경보전림
0,환경보전림,,,,50,50110,2490172.84132000000,,환경보전림
0,삼나무,,,,50,50110,82523.56719700000,,삼나무
0,삼나무,,,,50,50110,82523.56719700000,,삼나무
0,환경보전림,,,,50,50110,166231.50939300000,,환경보전림
0,소나무,,,,50,50110,25046.30980350000,,소나무
0,환경보전림,,,,50,50110,173452.56713800000,,환경보전림
0,소나무,,,,50,50110,1668058.52416000000,,소나무
0,소나무,,,,50,50110,41580.41267050000,,소나무
0,소나무,,,,50,50110,140502.99286400000,,소나무
0,소나무,,,,50,50110,216090.34067500000,,소나무
0,소나무,,,,50,50110,5679.77672400000,,소나무
0,삼나무,,,,50,50110,193738.46883600000,,삼나무
0,소나무,,,,50,50110,43141.09272350000,,소나무
0,소나무,,,,50,50110,136768.53384100000,,소나무
0,"삼나무,소나무,편백",,,,50,50110,556506.14469600000,,삼나무
0,소나무,,,,50,50110,544272.24570400000,,소나무
0,환경보전림,,,,50,50110,50574.08803650000,,환경보전림
0,소나무,,,,50,50110,121683.12407400000,,소나무
0,소나무,,,,50,50110,2386733.60505000000,,소나무
0,"소나무,편백",,,,50,50110,66961.05073850000,,소나무
0,소나무,,,,50,50110,159980.45121900000,,소나무
0,"소나무,편백",,,,50,50110,37635.19646900000,,소나무
0,환경보전림,,,,50,50110,43110.76166200000,,환경보전림
0,소나무,,,,50,50110,133768.46320900000,,소나무
0,"소나무,편백",,,,50,50110,241688.79848100000,,소나무
0,"삼나무,소나무,편백",,,,50,50110,662794.94727700000,,삼나무
0,소나무,,,,50,50110,277925.10883600000,,소나무
0,"소나무,편백",,,,50,50110,87536.11718200000,,소나무
0,소나무,,,,50,50110,363612.28090800000,,소나무
0,환경보전림,,,,50,50110,59502.91825750000,,환경보전림
0,소나무,,,,50,50110,458510.36097400000,,소나무
0,소나무,,,,50,50110,190391.70145400000,,소나무
0,"소나무,편백",,,,50,50110,28089.30430050000,,소나무
0,환경보전림,,,,50,50110,17483.38338350000,,환경보전림
0,소나무,,,,50,50110,1307318.30700000000,,소나무
0,"소나무,편백",,,,50,50110,38217.62339650000,,소나무
0,소나무,,,,50,50110,1031239.96376000000,,소나무
0,소나무,,,,50,50110,35107.37949150000,,소나무
0,소나무,,,,50,50110,166610.11666500000,,소나무
0,환경보전림,,,,50,50110,86690.29713250000,,환경보전림
0,환경보전림,,,,50,50110,78887.21949900000,,환경보전림
0,소나무,,,,50,50110,126267.31318700000,,소나무
0,소나무,,,,50,50110,76052.42989500000,,소나무
0,소나무,,,,50,50110,1891766.86641000000,,소나무
0,"삼나무,소나무,편백",,,,50,50110,85962.38894750000,,삼나무
0,소나무,,,,50,50110,29794.15482700000,,소나무
0,소나무,,,,50,50110,353305.37788000000,,소나무
0,소나무,,,,50,50110,173045.58935400000,,소나무
0,"소나무,편백",,,,50,50110,95253.90945250000,,소나무
0,소나무,,,,50,50110,1796384.31916000000,,소나무
0,소나무,,,,50,50110,137574.74421300000,,소나무
0,소나무,,,,50,50110,252745.22162800000,,소나무
0,소나무,,,,50,50110,572618.14445600000,,소나무
0,소나무,,,,50,50110,1408790.41427000000,,소나무
0,"삼나무,소나무,편백",,,,50,50110,580393.71733000000,,삼나무
0,환경보전림,,,,50,50110,575094.18775500000,,환경보전림
0,소나무,,,,50,50110,275227.81603300000,,소나무
0,환경보전림,,,,50,50110,245607.27546700000,,환경보전림
0,"소나무,편백",,,,50,50110,796968.92649600000,,소나무
0,소나무,,,,50,50110,531218.96561200000,,소나무
0,소나무,,,,50,50110,621431.38351000000,,소나무
0,"삼나무,소나무,편백",,,,50,50110,305047.34811500000,,삼나무
0,환경보전림,,,,50,50110,37936.32598450000,,환경보전림
0,삼나무,,,,50,50110,74165.46266650000,,삼나무
0,환경보전림,,,,50,50110,245545.07060700000,,환경보전림
0,소나무,,,,50,50110,73926.01430450000,,소나무
0,환경보전림,,,,50,50110,88667.22583900000,,환경보전림
0,환경보전림,,,,50,50110,46206.20585750000,,환경보전림
0,소나무,,,,50,50110,101351.68639100000,,소나무
0,소나무,,,,50,50110,29355.62858150000,,소나무
0,소나무,,,,50,50110,220030.57567000000,,소나무
0,삼나무,,,,50,50110,100995.36102100000,,삼나무
0,소나무,,,,50,50110,41406.94714500000,,소나무
0,소나무,,,,50,50110,185178.79572000000,,소나무
0,환경보전림,,,,50,50110,183098.27465700000,,환경보전림
0,환경보전림,환경보전림,,,50,50130,102860.07379300000,,환경보전림
0,환경보전림,환경보전림,,,50,50130,247193.26545800000,,환경보전림
0,삼나무,가시나무류,,,50,50110,17174.83545650000,,삼나무
0,환경보전림,가시나무류,,,50,50110,97320.34438050000,,환경보전림
0,환경보전림,가시나무류,,,50,50110,93665.95749350000,,환경보전림
0,환경보전림,가시나무류,,,50,50110,58939.55521850000,,환경보전림
0,삼나무,가시나무류,,,50,50110,38820.34474300000,,삼나무
0,환경보전림,가시나무류,,,50,50110,24740.81901550000,,환경보전림
0,삼나무,가시나무류,,,50,50110,27918.82836550000,,삼나무
0,삼나무,가시나무류,,,50,50110,36878.77494250000,,삼나무
0,삼나무,가시나무류,,,50,50110,14053.59483600000,,삼나무
0,삼나무,가시나무류,,,50,50110,86496.28961800000,,삼나무
0,삼나무,가시나무류,,,50,50110,42815.29133900000,,삼나무
0,삼나무,가시나무류,,,50,50110,12752.03684300000,,삼나무
0,삼나무,가시나무류,,,50,50110,123307.08520600000,,삼나무
0,환경보전림,가시나무류,,,50,50110,15198.91879300000,,환경보전림
0,환경보전림,가시나무류,,,50,50110,42327.42451150000,,환경보전림
0,삼나무,가시나무류,,,50,50110,298043.66002700000,,삼나무
0,삼나무,"가시나무류,황칠나무",,,50,50110,33628.18811350000,,삼나무
0,삼나무,"가시나무류,황칠나무",,,50,50110,29951.59623900000,,삼나무
0,삼나무,가시나무류,,,50,50110,46474.34833000000,,삼나무
0,삼나무,"가시나무류,황칠나무",,,50,50110,132334.13616300000,,삼나무
0,소나무,가시나무류,,,50,50110,152278.23219700000,,소나무
0,삼나무,"가시나무류,황칠나무",,,50,50110,18916.38715900000,,삼나무
0,소나무,가시나무류,,,50,50110,36652.88288900000,,소나무
0,삼나무,"가시나무류,황칠나무",,,50,50110,22130.82874200000,,삼나무
0,삼나무,"가시나무류,황칠나무",,,50,50110,57307.53603950000,,삼나무
0,환경보전림,가시나무류,,,50,50110,16191.03760950000,,환경보전림
0,삼나무,"가시나무류,황칠나무",,,50,50110,28737.04349850000,,삼나무
0,삼나무,"가시나무류,황칠나무",,,50,50110,315979.68375300000,,삼나무
0,삼나무,"가시나무류,황칠나무",,,50,50110,28640.38463100000,,삼나무
0,삼나무,"가시나무류,황칠나무",,,50,50110,607988.21681100000,,삼나무
0,삼나무,"가시나무류,황칠나무",,,50,50110,90587.32865750000,,삼나무
0,삼나무,"가시나무류,황칠나무",,,50,50110,24738.47353000000,,삼나무
0,소나무,가시나무류,,,50,50110,407025.83645100000,,소나무
0,환경보전림,가시나무류,,,50,50110,29136.58657800000,,환경보전림
0,환경보전림,가시나무류,,,50,50110,28942.69198150000,,환경보전림
0,삼나무,가시나무류,,,50,50110,27820.55743500000,,삼나무
0,삼나무,가시나무류,,,50,50110,18611.36181800000,,삼나무
0,삼나무,가시나무류,,,50,50110,20798.76397550000,,삼나무
0,소나무,가시나무류,,,50,50110,232898.63306000000,,소나무
0,소나무,"가시나무류,황칠나무",,,50,50110,72721.20245950000,,소나무
0,소나무,"가시나무류,황칠나무",,,50,50110,44790.41757550000,,소나무
0,소나무,"가시나무류,황칠나무",,,50,50110,46395.44944700000,,소나무
0,소나무,"가시나무류,황칠나무",,,50,50110,130506.61541400000,,소나무
0,소나무,"가시나무류,황칠나무",,,50,50110,22919.24364050000,,소나무
0,소나무,"가시나무류,황칠나무",,,50,50110,22778.54989300000,,소나무
0,소나무,"가시나무류,황칠나무",,,50,50110,54950.39559550000,,소나무
0,환경보전림,가시나무류,,,50,50110,82918.88498800000,,환경보전림
0,소나무,가시나무류,,,50,50110,20621.61251650000,,소나무
0,소나무,가시나무류,,,50,50110,110950.89432200000,,소나무
0,소나무,가시나무류,,,50,50110,171445.36939400000,,소나무
0,소나무,"가시나무류,황칠나무",,,50,50110,35128.27407200000,,소나무
0,소나무,가시나무류,,,50,50110,102180.94916800000,,소나무
0,소나무,"가시나무류,황칠나무",,,50,50110,272177.75137800000,,소나무
0,삼나무,가시나무류,,,50,50110,699959.61217800000,,삼나무
0,소나무,"가시나무류,황칠나무",,,50,50110,44639.58897000000,,소나무
0,소나무,"가시나무류,황칠나무",,,50,50110,14679.21311950000,,소나무
0,삼나무,가시나무류,,,50,50110,208462.32724500000,,삼나무
0,소나무,"가시나무류,황칠나무",,,50,50110,52730.91109500000,,소나무
0,소나무,"가시나무류,황칠나무",,,50,50110,18134.90025800000,,소나무
0,소나무,"가시나무류,황칠나무",,,50,50110,14690.69337100000,,소나무
0,소나무,"가시나무류,황칠나무",,,50,50110,22057.65803550000,,소나무
0,환경보전림,환경보전림,,,50,50110,251293.74482900000,,환경보전림
0,소나무,"가시나무류,황칠나무",,,50,50110,219352.70143000000,,소나무
0,소나무,"가시나무류,황칠나무",,,50,50110,65261.75584900000,,소나무
0,소나무,가시나무류,,,50,50110,27623.21687400000,,소나무
0,소나무,"가시나무류,황칠나무",,,50,50110,7768.09781450000,,소나무
0,소나무,가시나무류,,,50,50110,28013.34469200000,,소나무
0,삼나무,가시나무류,,,50,50110,43265.94007800000,,삼나무
0,소나무,"가시나무류,황칠나무",,,50,50110,17097.94408800000,,소나무
0,삼나무,가시나무류,,,50,50110,190033.86938600000,,삼나무
0,소나무,가시나무류,,,50,50110,32334.82129150000,,소나무
0,소나무,"가시나무류,황칠나무",,,50,50110,19840.63722450000,,소나무
0,소나무,"가시나무류,황칠나무",,,50,50110,31969.52347350000,,소나무
0,소나무,가시나무류,,,50,50110,149944.56708200000,,소나무
0,소나무,"가시나무류,황칠나무",,,50,50110,52415.91078750000,,소나무
0,소나무,가시나무류,,,50,50110,121531.89895100000,,소나무
0,소나무,"가시나무류,황칠나무",,,50,50110,138031.63510400000,,소나무
0,소나무,"가시나무류,황칠나무",,,50,50110,72201.64411850000,,소나무
0,소나무,"가시나무류,황칠나무",,,50,50110,32107.17562550000,,소나무
0,소나무,"가시나무류,황칠나무",,,50,50110,28592.84848050000,,소나무
0,소나무,"가시나무류,황칠나무",,,50,50110,38278.75082500000,,소나무
0,삼나무,가시나무류,,,50,50110,65890.30379300000,,삼나무
0,삼나무,"가시나무류,황칠나무",,,50,50110,117128.39263600000,,삼나무
0,삼나무,"가시나무류,황칠나무",,,50,50110,490993.78364700000,,삼나무
0,삼나무,"가시나무류,황칠나무",,,50,50110,84627.34998400000,,삼나무
0,소나무,가시나무류,,,50,50110,39827.15139850000,,소나무
0,소나무,가시나무류,,,50,50110,100313.88387000000,,소나무
0,소나무,가시나무류,,,50,50110,33201.16472900000,,소나무
0,소나무,가시나무류,,,50,50110,91108.71094900000,,소나무
0,소나무,가시나무류,,,50,50110,371132.98689300000,,소나무
0,소나무,가시나무류,,,50,50110,35289.92620600000,,소나무
0,소나무,가시나무류,,,50,50110,35289.92620600000,,소나무
0,소나무,가시나무류,,,50,50110,172297.15121800000,,소나무
0,삼나무,가시나무류,,,50,50110,34895.66323200000,,삼나무
0,소나무,가시나무류,,,50,50110,82255.66945300000,,소나무
0,소나무,가시나무류,,,50,50110,98390.22488750000,,소나무
0,소나무,가시나무류,,,50,50110,44821.44803100000,,소나무
0,소나무,가시나무류,,,50,50110,539850.63609100000,,소나무
0,소나무,가시나무류,,,50,50110,539850.63609100000,,소나무
0,삼나무,가시나무류,,,50,50110,201967.08257900000,,삼나무
0,소나무,가시나무류,,,50,50110,449243.34170400000,,소나무
0,소나무,가시나무류,,,50,50110,192861.16610100000,,소나무
0,소나무,"가시나무류,황칠나무",,,50,50110,156588.83507900000,,소나무
0,소나무,가시나무류,,,50,50110,644959.48941000000,,소나무
0,삼나무,가시나무류,,,50,50110,163947.39824200000,,삼나무
0,소나무,가시나무류,,,50,50110,129219.84932600000,,소나무
0,삼나무,가시나무류,,,50,50110,64730.10945250000,,삼나무
0,삼나무,가시나무류,,,50,50110,158543.71794900000,,삼나무
0,삼나무,가시나무류,,,50,50110,36664.54281300000,,삼나무
0,삼나무,가시나무류,,,50,50110,313166.11868200000,,삼나무
0,소나무,가시나무류,,,50,50110,69958.73536800000,,소나무
0,삼나무,"가시나무류,황칠나무",,,50,50110,261698.46073200000,,삼나무
0,소나무,가시나무류,,,50,50110,37626.63066800000,,소나무
0,삼나무,"가시나무류,황칠나무",,,50,50110,25744.74212750000,,삼나무
0,소나무,가시나무류,,,50,50110,16126.07802050000,,소나무
0,소나무,가시나무류,,,50,50110,330779.77098400000,,소나무
0,삼나무,가시나무류,,,50,50110,67529.66273250000,,삼나무
0,삼나무,가시나무류,,,50,50110,71661.83551700000,,삼나무
0,삼나무,"가시나무류,황칠나무",,,50,50110,311412.71728200000,,삼나무
0,소나무,가시나무류,,,50,50110,102599.78938400000,,소나무
0,소나무,가시나무류,,,50,50110,370743.13657800000,,소나무
0,삼나무,"가시나무류,황칠나무",,,50,50110,23293.81593750000,,삼나무
0,소나무,가시나무류,,,50,50110,22383.32278900000,,소나무
0,소나무,가시나무류,,,50,50110,2826.19230150000,,소나무
0,소나무,가시나무류,,,50,50110,2826.19230150000,,소나무
0,삼나무,가시나무류,,,50,50110,362708.34397400000,,삼나무
0,삼나무,가시나무류,,,50,50110,41810.91473850000,,삼나무
0,소나무,가시나무류,,,50,50110,57201.06478350000,,소나무
0,환경보전림,환경보전림,,,50,50110,992230.10714900000,,환경보전림
0,소나무,가시나무류,,,50,50110,33637.36207500000,,소나무
0,삼나무,가시나무류,,,50,50110,73381.15071550000,,삼나무
0,소나무,가시나무류,,,50,50110,202499.06627500000,,소나무
0,삼나무,가시나무류,,,50,50110,91340.47068350000,,삼나무
0,소나무,가시나무류,,,50,50110,67644.16163650000,,소나무
0,환경보전림,환경보전림,,,50,50110,1524169.05745000000,,환경보전림
0,소나무,가시나무류,,,50,50110,141046.62065900000,,소나무
0,소나무,가시나무류,,,50,50110,967285.35503800000,,소나무
0,소나무,가시나무류,,,50,50110,31814.61657300000,,소나무
0,삼나무,가시나무류,,,50,50110,206747.19948500000,,삼나무
0,환경보전림,환경보전림,,,50,50110,209117.65435500000,,환경보전림
0,환경보전림,환경보전림,,,50,50110,201421.26035100000,,환경보전림
0,환경보전림,환경보전림,,,50,50110,504590.17763800000,,환경보전림
0,소나무,"가시나무류,황칠나무",,,50,50110,36193.89290100000,,소나무
0,환경보전림,환경보전림,,,50,50110,281936.22411700000,,환경보전림
0,환경보전림,환경보전림,,,50,50110,60499.94624150000,,환경보전림
0,소나무,"가시나무류,황칠나무",,,50,50110,49606.15797700000,,소나무
0,환경보전림,환경보전림,,,50,50110,600327.33646500000,,환경보전림
0,환경보전림,환경보전림,,,50,50110,600327.33646500000,,환경보전림
0,환경보전림,환경보전림,,,50,50110,137975.36053600000,,환경보전림
0,환경보전림,환경보전림,,,50,50110,137975.36053600000,,환경보전림
0,환경보전림,환경보전림,,,50,50110,45572.09779600000,,환경보전림
0,환경보전림,환경보전림,,,50,50110,45572.09779600000,,환경보전림
0,환경보전림,환경보전림,,,50,50110,532172.01160300000,,환경보전림
0,환경보전림,환경보전림,,,50,50110,532172.01160300000,,환경보전림
0,소나무,"가시나무류,황칠나무",,,50,50110,32851.98391150000,,소나무
0,소나무,"가시나무류,황칠나무",,,50,50110,32851.98391150000,,소나무
0,환경보전림,환경보전림,,,50,50110,37601.38685250000,,환경보전림
0,환경보전림,환경보전림,,,50,50110,765971.98201500000,,환경보전림
0,환경보전림,환경보전림,,,50,50110,409750.17942700000,,환경보전림
0,환경보전림,환경보전림,,,50,50110,271707.88620800000,,환경보전림
0,환경보전림,가시나무류,,,50,50110,131673.38878500000,,환경보전림
0,환경보전림,가시나무류,,,50,50110,63630.90476900000,,환경보전림
0,환경보전림,가시나무류,,,50,50110,62506.27085300000,,환경보전림
0,환경보전림,가시나무류,,,50,50110,32150.15047900000,,환경보전림
0,환경보전림,가시나무류,,,50,50110,10808.52087500000,,환경보전림
0,환경보전림,가시나무류,,,50,50110,167135.54573100000,,환경보전림
0,환경보전림,가시나무류,,,50,50110,429408.41472900000,,환경보전림
0,환경보전림,가시나무류,,,50,50110,43216.40466600000,,환경보전림
0,환경보전림,가시나무류,,,50,50110,65414.95840150000,,환경보전림
0,환경보전림,가시나무류,,,50,50110,35625.08127700000,,환경보전림
0,환경보전림,환경보전림,,,50,50110,29001.91615300000,,환경보전림
0,환경보전림,환경보전림,,,50,50110,281214.11217500000,,환경보전림
0,환경보전림,환경보전림,,,50,50110,692532.93989400000,,환경보전림
0,환경보전림,환경보전림,,,50,50110,122480.50459100000,,환경보전림
0,환경보전림,환경보전림,,,50,50110,210154.40277900000,,환경보전림
0,환경보전림,환경보전림,,,50,50110,122779.15706600000,,환경보전림
0,환경보전림,환경보전림,,,50,50110,173334.37131900000,,환경보전림
0,환경보전림,환경보전림,,,50,50110,427420.01021600000,,환경보전림
0,환경보전림,환경보전림,,,50,50110,427420.01021600000,,환경보전림
0,환경보전림,환경보전림,,,50,50110,45768.27769300000,,환경보전림
0,환경보전림,환경보전림,,,50,50110,3409039.99010000000,,환경보전림
0,환경보전림,환경보전림,,,50,50110,371971.87935700000,,환경보전림
0,환경보전림,환경보전림,,,50,50110,53156.42127300000,,환경보전림
0,환경보전림,환경보전림,,,50,50110,3311637.55573000000,,환경보전림
0,환경보전림,환경보전림,,,50,50110,55194.13568300000,,환경보전림
0,환경보전림,환경보전림,,,50,50110,235036.53261400000,,환경보전림
0,환경보전림,환경보전림,,,50,50110,301819.71310500000,,환경보전림
0,환경보전림,환경보전림,,,50,50110,322531.49482000000,,환경보전림
0,환경보전림,환경보전림,,,50,50110,22891.81079050000,,환경보전림
0,환경보전림,환경보전림,,,50,50110,232958.02098500000,,환경보전림
0,환경보전림,환경보전림,,,50,50110,33744.01236600000,,환경보전림
0,환경보전림,환경보전림,,,50,50110,98817.85160750000,,환경보전림
0,환경보전림,환경보전림,,,50,50110,65459.45556900000,,환경보전림
0,환경보전림,환경보전림,,,50,50110,532938.64748900000,,환경보전림
0,소나무,"가시나무류,황칠나무",,,50,50110,95393.64053000000,,소나무
0,환경보전림,환경보전림,,,50,50110,116980.95970700000,,환경보전림
0,환경보전림,환경보전림,,,50,50110,93907.12878800000,,환경보전림
0,환경보전림,환경보전림,,,50,50110,46126.57421150000,,환경보전림
0,환경보전림,환경보전림,,,50,50110,132447.52887900000,,환경보전림
0,환경보전림,환경보전림,,,50,50110,25623.66394500000,,환경보전림
0,환경보전림,환경보전림,,,50,50110,1066167.37679000000,,환경보전림
0,환경보전림,환경보전림,,,50,50110,108854.52883100000,,환경보전림
0,환경보전림,환경보전림,,,50,50110,33425.88152700000,,환경보전림
0,환경보전림,환경보전림,,,50,50110,30603.39884400000,,환경보전림
0,삼나무,가시나무류,,,50,50110,17529.03784100000,,삼나무
0,환경보전림,가시나무류,,,50,50110,180443.20403400000,,환경보전림
0,환경보전림,가시나무류,,,50,50110,115461.65380300000,,환경보전림
0,환경보전림,환경보전림,,,50,50110,793556.61560700000,,환경보전림
0,환경보전림,환경보전림,,,50,50110,793556.61560700000,,환경보전림
0,환경보전림,환경보전림,,,50,50110,313140.59974400000,,환경보전림
0,환경보전림,환경보전림,,,50,50110,313140.59974400000,,환경보전림
0,환경보전림,환경보전림,,,50,50110,37450.69270250000,,환경보전림
0,환경보전림,환경보전림,,,50,50110,87957.17448100000,,환경보전림
0,환경보전림,환경보전림,,,50,50110,304260.94998500000,,환경보전림
0,환경보전림,환경보전림,,,50,50110,156907.42134900000,,환경보전림
0,환경보전림,환경보전림,,,50,50110,198029.48792700000,,환경보전림
0,환경보전림,환경보전림,,,50,50110,221630.31730900000,,환경보전림
0,환경보전림,환경보전림,,,50,50110,130513.31060300000,,환경보전림
0,환경보전림,환경보전림,,,50,50110,61678.37590850000,,환경보전림
0,환경보전림,환경보전림,,,50,50110,379643.44819400000,,환경보전림
0,환경보전림,환경보전림,,,50,50110,303124.10627500000,,환경보전림
0,삼나무,가시나무류,,,50,50110,39515.05020850000,,삼나무
0,환경보전림,환경보전림,,,50,50110,909231.69240200000,,환경보전림
0,환경보전림,환경보전림,,,50,50110,1028968.95235000000,,환경보전림
0,환경보전림,환경보전림,,,50,50110,68491.40178500000,,환경보전림
0,환경보전림,환경보전림,,,50,50110,95374.46790300000,,환경보전림
0,환경보전림,환경보전림,,,50,50110,769247.97312000000,,환경보전림
0,환경보전림,환경보전림,,,50,50110,208689.92389700000,,환경보전림
0,삼나무,가시나무류,,,50,50110,490076.74247400000,,삼나무
0,환경보전림,환경보전림,,,50,50110,1734241.73137000000,,환경보전림
0,환경보전림,환경보전림,,,50,50110,87114.61342750000,,환경보전림
0,환경보전림,가시나무류,,,50,50110,77879.23026600000,,환경보전림
0,환경보전림,가시나무류,,,50,50110,52765.28079200000,,환경보전림
0,환경보전림,가시나무류,,,50,50110,27621.42943250000,,환경보전림
0,환경보전림,환경보전림,,,50,50110,519596.55920100000,,환경보전림
0,환경보전림,환경보전림,,,50,50110,1126880.97558000000,,환경보전림
0,환경보전림,환경보전림,,,50,50110,132689.82872200000,,환경보전림
0,환경보전림,환경보전림,,,50,50110,495440.60986400000,,환경보전림
0,삼나무,가시나무류,,,50,50110,56597.93557500000,,삼나무
0,환경보전림,환경보전림,,,50,50110,334249.47641200000,,환경보전림
0,환경보전림,가시나무류,,,50,50110,241403.06038600000,,환경보전림
0,삼나무,가시나무류,,,50,50110,22299.41698350000,,삼나무
0,삼나무,가시나무류,,,50,50110,36221.43666000000,,삼나무
0,환경보전림,환경보전림,,,50,50110,304740.36172900000,,환경보전림
0,환경보전림,환경보전림,,,50,50110,94510.15671700000,,환경보전림
0,환경보전림,가시나무류,,,50,50110,64593.50166900000,,환경보전림
0,환경보전림,환경보전림,,,50,50110,220646.01270700000,,환경보전림
0,환경보전림,환경보전림,,,50,50110,968416.63212100000,,환경보전림
0,환경보전림,환경보전림,,,50,50110,46960.23424100000,,환경보전림
0,환경보전림,환경보전림,,,50,50110,42417.08178900000,,환경보전림
0,환경보전림,가시나무류,,,50,50110,59331.84951000000,,환경보전림
0,환경보전림,가시나무류,,,50,50110,83117.70825800000,,환경보전림
0,환경보전림,가시나무류,,,50,50110,16714.03536750000,,환경보전림
0,환경보전림,환경보전림,,,50,50110,74049.86551850000,,환경보전림
0,환경보전림,환경보전림,,,50,50110,52748.80417050000,,환경보전림
0,환경보전림,가시나무류,,,50,50110,47962.85248850000,,환경보전림
0,환경보전림,환경보전림,,,50,50110,55207.62120700000,,환경보전림
0,환경보전림,환경보전림,,,50,50110,230362.20664100000,,환경보전림
0,환경보전림,환경보전림,,,50,50110,101401.29557400000,,환경보전림
0,환경보전림,환경보전림,,,50,50110,53539.60505450000,,환경보전림
0,환경보전림,환경보전림,,,50,50110,38007.86376800000,,환경보전림
0,환경보전림,환경보전림,,,50,50110,108880.11332800000,,환경보전림
0,환경보전림,환경보전림,,,50,50110,61787.06093400000,,환경보전림
0,삼나무,가시나무류,,,50,50110,41158.47373550000,,삼나무
0,환경보전림,환경보전림,,,50,50110,184732.85030400000,,환경보전림
0,환경보전림,환경보전림,,,50,50110,202439.53977800000,,환경보전림
0,환경보전림,가시나무류,,,50,50110,173036.73155200000,,환경보전림
0,환경보전림,가시나무류,,,50,50110,250215.26249400000,,환경보전림
0,환경보전림,환경보전림,,,50,50110,106452.24991300000,,환경보전림
0,환경보전림,환경보전림,,,50,50110,106298.91001300000,,환경보전림
0,환경보전림,환경보전림,,,50,50110,2295659.40593000000,,환경보전림
0,환경보전림,환경보전림,,,50,50110,720008.52971600000,,환경보전림
0,환경보전림,환경보전림,,,50,50110,441461.33923200000,,환경보전림
0,환경보전림,환경보전림,,,50,50110,1395608.65446000000,,환경보전림
0,환경보전림,환경보전림,,,50,50110,193621.36004100000,,환경보전림
0,환경보전림,환경보전림,,,50,50110,1055878.26388000000,,환경보전림
0,환경보전림,환경보전림,,,50,50110,361843.76081100000,,환경보전림
0,환경보전림,환경보전림,,,50,50110,1071507.86796000000,,환경보전림
0,환경보전림,환경보전림,,,50,50110,202633.18838200000,,환경보전림
0,환경보전림,환경보전림,,,50,50110,90829.46035800000,,환경보전림
0,환경보전림,환경보전림,,,50,50110,213997.84210200000,,환경보전림
0,환경보전림,환경보전림,,,50,50110,184537.10947600000,,환경보전림
0,삼나무,가시나무류,,,50,50110,135329.87571800000,,삼나무
0,환경보전림,환경보전림,,,50,50110,65652.23587950000,,환경보전림
0,환경보전림,환경보전림,,,50,50110,205601.03485500000,,환경보전림
0,삼나무,가시나무류,,,50,50110,1457852.86088000000,,삼나무
0,환경보전림,가시나무류,,,50,50110,88438.87467700000,,환경보전림
0,환경보전림,가시나무류,,,50,50110,5467.37025750000,,환경보전림
0,환경보전림,가시나무류,,,50,50110,38217.82617700000,,환경보전림
0,환경보전림,가시나무류,,,50,50110,7051.57917800000,,환경보전림
0,환경보전림,가시나무류,,,50,50110,226399.57330600000,,환경보전림
0,환경보전림,가시나무류,,,50,50110,226399.57330600000,,환경보전림
0,삼나무,가시나무류,,,50,50110,9344.72749050000,,삼나무
0,환경보전림,환경보전림,,,50,50110,195886.92976300000,,환경보전림
0,환경보전림,환경보전림,,,50,50110,195886.92976300000,,환경보전림
0,환경보전림,환경보전림,,,50,50110,31790.22220600000,,환경보전림
0,환경보전림,환경보전림,,,50,50110,19799.77675350000,,환경보전림
0,환경보전림,환경보전림,,,50,50110,118023.57190600000,,환경보전림
0,환경보전림,환경보전림,,,50,50110,111767.83163000000,,환경보전림
0,환경보전림,환경보전림,,,50,50110,45498.33110900000,,환경보전림
0,환경보전림,환경보전림,,,50,50110,11633.88478200000,,환경보전림
0,환경보전림,환경보전림,,,50,50110,40900.57533250000,,환경보전림
0,환경보전림,환경보전림,,,50,50110,21777.62679150000,,환경보전림
0,환경보전림,환경보전림,,,50,50110,43976.33782550000,,환경보전림
0,환경보전림,환경보전림,,,50,50110,30495.96571500000,,환경보전림
0,환경보전림,환경보전림,,,50,50110,43102.21553150000,,환경보전림
0,환경보전림,환경보전림,,,50,50110,48476.30016100000,,환경보전림
0,환경보전림,환경보전림,,,50,50110,30681.09731600000,,환경보전림
0,환경보전림,환경보전림,,,50,50110,96309.66888900000,,환경보전림
0,환경보전림,환경보전림,,,50,50110,138830.31317800000,,환경보전림
0,환경보전림,환경보전림,,,50,50110,298254.50243200000,,환경보전림
0,환경보전림,환경보전림,,,50,50110,171659.78350600000,,환경보전림
0,환경보전림,환경보전림,,,50,50110,26466.88968450000,,환경보전림
0,환경보전림,환경보전림,,,50,50110,86759.08259200000,,환경보전림
0,삼나무,가시나무류,,,50,50110,4083.87927700000,,삼나무
0,삼나무,가시나무류,,,50,50110,219408.18773900000,,삼나무
0,삼나무,가시나무류,,,50,50110,7702.26161800000,,삼나무
0,삼나무,가시나무류,,,50,50110,4491.11678900000,,삼나무
0,환경보전림,가시나무류,,,50,50110,3161080.15707000000,,환경보전림
0,삼나무,가시나무류,,,50,50110,810249.57617000000,,삼나무
0,삼나무,가시나무류,,,50,50110,28846.78450800000,,삼나무
0,삼나무,가시나무류,,,50,50110,3054.37137850000,,삼나무
0,삼나무,가시나무류,,,50,50110,4840.99685949000,,삼나무
0,삼나무,가시나무류,,,50,50110,27799.43339300000,,삼나무
0,삼나무,가시나무류,,,50,50110,6536.37594801000,,삼나무
0,삼나무,가시나무류,,,50,50110,399820.88697500000,,삼나무
0,삼나무,가시나무류,,,50,50110,37821.63753350000,,삼나무
0,삼나무,가시나무류,,,50,50110,32047.49545600000,,삼나무
0,환경보전림,환경보전림,,,50,50110,996690.25074900000,,환경보전림
0,환경보전림,환경보전림,,,50,50110,2375325.10165000000,,환경보전림
0,환경보전림,환경보전림,,,50,50110,173324.74027100000,,환경보전림
0,삼나무,가시나무류,,,50,50110,11531.71604000000,,삼나무
0,삼나무,가시나무류,,,50,50110,267196.24819300000,,삼나무
0,삼나무,가시나무류,,,50,50110,34138.38444250000,,삼나무
0,삼나무,가시나무류,,,50,50110,9961.61780950000,,삼나무
0,환경보전림,가시나무류,,,50,50110,774601.47548300000,,환경보전림
0,환경보전림,가시나무류,,,50,50110,41876.02670700000,,환경보전림
0,삼나무,가시나무류,,,50,50110,29561.13544400000,,삼나무
0,환경보전림,가시나무류,,,50,50110,46962.13047700000,,환경보전림
0,환경보전림,가시나무류,,,50,50110,10522.21370350000,,환경보전림
0,환경보전림,가시나무류,,,50,50110,168070.90958900000,,환경보전림
0,환경보전림,가시나무류,,,50,50110,67574.08726850000,,환경보전림
0,환경보전림,"가시나무류,비자나무,황칠나무",,,50,50110,67595.87574550000,,환경보전림
0,환경보전림,가시나무류,,,50,50110,24991.75278550000,,환경보전림
0,환경보전림,가시나무류,,,50,50110,180879.84630500000,,환경보전림
0,삼나무,가시나무류,,,50,50110,133848.58990500000,,삼나무
0,환경보전림,가시나무류,,,50,50110,48058.44318450000,,환경보전림
0,환경보전림,가시나무류,,,50,50110,347806.42107700000,,환경보전림
0,환경보전림,가시나무류,,,50,50110,60256.20206250000,,환경보전림
0,환경보전림,가시나무류,,,50,50110,80814.90487050000,,환경보전림
0,환경보전림,가시나무류,,,50,50110,105548.16087500000,,환경보전림
0,환경보전림,가시나무류,,,50,50110,11587.88748850000,,환경보전림
0,삼나무,가시나무류,,,50,50110,81370.83057950000,,삼나무
0,환경보전림,가시나무류,,,50,50110,83717.83113100000,,환경보전림
0,환경보전림,가시나무류,,,50,50110,12883.12164500000,,환경보전림
0,환경보전림,가시나무류,,,50,50110,48296.06764100000,,환경보전림
0,삼나무,가시나무류,,,50,50110,110563.14943300000,,삼나무
0,삼나무,가시나무류,,,50,50110,110563.14943300000,,삼나무
0,환경보전림,환경보전림,,,50,50110,68637.08920650000,,환경보전림
0,환경보전림,가시나무류,,,50,50110,685426.50333800000,,환경보전림
0,환경보전림,환경보전림,,,50,50110,176690.34669300000,,환경보전림
0,환경보전림,환경보전림,,,50,50110,43386.23390450000,,환경보전림
0,환경보전림,환경보전림,,,50,50110,138795.35221900000,,환경보전림
0,환경보전림,환경보전림,,,50,50110,272480.09771100000,,환경보전림
0,환경보전림,환경보전림,,,50,50110,91941.19266950000,,환경보전림
0,환경보전림,환경보전림,,,50,50110,58150.76718600000,,환경보전림
0,환경보전림,환경보전림,,,50,50110,156986.53525200000,,환경보전림
0,환경보전림,환경보전림,,,50,50110,10368.56446700000,,환경보전림
0,"물푸레나무,소나무",,,"들메나무,헛개나무",50,50110,240283.69499100000,,물푸레나무
0,"물푸레나무,소나무",,,"들메나무,헛개나무",50,50110,551078.18822200000,,물푸레나무
0,"물푸레나무,소나무",,,"들메나무,헛개나무",50,50110,551078.18822200000,,물푸레나무
0,"소나무,해송",,,"모감주나무,소사나무",50,50110,58225.08067450000,,소나무
0,"물푸레나무,소나무",,,"들메나무,헛개나무",50,50110,1008343.82631000000,,물푸레나무
0,"물푸레나무,소나무",,,"들메나무,헛개나무",50,50110,803877.33823600000,,물푸레나무
0,"물푸레나무,소나무",,,"들메나무,헛개나무",50,50110,133830.17841200000,,물푸레나무
0,"물푸레나무,소나무",,,"들메나무,헛개나무",50,50110,37027.45184800000,,물푸레나무
0,"물푸레나무,소나무",,,"들메나무,헛개나무",50,50110,5038.31494200000,,물푸레나무
0,"물푸레나무,소나무",,,"들메나무,헛개나무",50,50110,5038.31494200000,,물푸레나무
0,"물푸레나무,소나무",,,"들메나무,헛개나무",50,50110,8738.26905149000,,물푸레나무
0,"물푸레나무,소나무",,,"들메나무,헛개나무",50,50110,8738.26905149000,,물푸레나무
0,"물푸레나무,소나무",,,"들메나무,헛개나무",50,50110,205544.40188000000,,물푸레나무
0,"물푸레나무,소나무",,,"들메나무,헛개나무",50,50110,2504914.68657000000,,물푸레나무
0,"물푸레나무,소나무",,,"들메나무,헛개나무",50,50110,1488640.39666000000,,물푸레나무
0,"물푸레나무,소나무",,,"들메나무,헛개나무",50,50110,513299.97846800000,,물푸레나무
0,"물푸레나무,소나무",,,"들메나무,헛개나무",50,50110,44648.31431400000,,물푸레나무
0,"물푸레나무,소나무",,,"들메나무,헛개나무",50,50110,303567.03915100000,,물푸레나무
0,"소나무,해송",,,"모감주나무,소사나무",50,50110,258936.76934600000,,소나무
0,"소나무,해송",가시나무류,,"모감주나무,소사나무",50,50130,28526.66871650000,,소나무
0,"소나무,해송",가시나무류,,"모감주나무,소사나무",50,50110,83733.03532000000,,소나무
0,"소나무,해송",가시나무류,,"모감주나무,소사나무",50,50110,36909.95185500000,,소나무
0,"소나무,해송",가시나무류,,"모감주나무,소사나무",50,50110,31031.57981500000,,소나무
0,"소나무,해송",가시나무류,,"모감주나무,소사나무",50,50110,19879.25132700000,,소나무
0,"소나무,해송",가시나무류,,"모감주나무,소사나무",50,50110,289110.12325600000,,소나무
0,"소나무,해송","가시나무류,황칠나무",,"모감주나무,소사나무",50,50110,20359.35927600000,,소나무
0,"소나무,해송","가시나무류,황칠나무",,"모감주나무,소사나무",50,50110,100226.26328700000,,소나무
0,"소나무,해송","가시나무류,황칠나무",,"모감주나무,소사나무",50,50110,68549.01455150000,,소나무
0,"소나무,해송","가시나무류,황칠나무",,"모감주나무,소사나무",50,50110,10944.91850350000,,소나무
0,"소나무,해송","가시나무류,황칠나무",,"모감주나무,소사나무",50,50110,19289.57367250000,,소나무
0,"소나무,해송","가시나무류,황칠나무",,"모감주나무,소사나무",50,50110,56904.18939300000,,소나무
0,"소나무,해송","가시나무류,황칠나무",,"모감주나무,소사나무",50,50110,24554.81824250000,,소나무
0,"소나무,해송","가시나무류,황칠나무",,"모감주나무,소사나무",50,50110,203751.45406500000,,소나무
0,"소나무,해송","가시나무류,황칠나무",,"모감주나무,소사나무",50,50110,25184.77377900000,,소나무
0,"소나무,해송","가시나무류,황칠나무",,"모감주나무,소사나무",50,50110,25298.04202650000,,소나무
0,"소나무,해송","가시나무류,황칠나무",,"모감주나무,소사나무",50,50110,42977.40473000000,,소나무
0,"소나무,해송","가시나무류,황칠나무",,"모감주나무,소사나무",50,50110,13811.82499150000,,소나무
0,"소나무,해송",가시나무류,,"모감주나무,소사나무",50,50110,34835.33080350000,,소나무
0,"소나무,해송","가시나무류,황칠나무",,"모감주나무,소사나무",50,50110,28057.32019900000,,소나무
0,"소나무,해송","가시나무류,황칠나무",,"모감주나무,소사나무",50,50110,15773.16466100000,,소나무
0,"소나무,해송","가시나무류,황칠나무",,"모감주나무,소사나무",50,50110,39098.29383400000,,소나무
0,"소나무,해송","가시나무류,황칠나무",,"모감주나무,소사나무",50,50110,109536.95308800000,,소나무
0,"소나무,해송","가시나무류,황칠나무",,"모감주나무,소사나무",50,50110,44297.33676250000,,소나무
0,"소나무,해송","가시나무류,황칠나무",,"모감주나무,소사나무",50,50110,17816.55888300000,,소나무
0,"소나무,해송","가시나무류,황칠나무",,"모감주나무,소사나무",50,50110,77124.92617000000,,소나무
0,"소나무,해송","가시나무류,황칠나무",,"모감주나무,소사나무",50,50110,35845.82906950000,,소나무
0,"소나무,해송","가시나무류,황칠나무",,"모감주나무,소사나무",50,50110,2615.23833351000,,소나무
0,"소나무,해송","가시나무류,황칠나무",,"모감주나무,소사나무",50,50110,2615.23833351000,,소나무
0,"소나무,해송","가시나무류,황칠나무",,"모감주나무,소사나무",50,50110,64766.49878850000,,소나무
0,"소나무,해송","가시나무류,황칠나무",,"모감주나무,소사나무",50,50110,64766.49878850000,,소나무
0,"소나무,해송","가시나무류,황칠나무",,"모감주나무,소사나무",50,50110,26062.87954900000,,소나무
0,"소나무,해송","가시나무류,황칠나무",,"모감주나무,소사나무",50,50110,26062.87954900000,,소나무
0,"소나무,해송","가시나무류,황칠나무",,"모감주나무,소사나무",50,50110,16326.58095350000,,소나무
0,"소나무,해송","가시나무류,황칠나무",,"모감주나무,소사나무",50,50110,3531.66427200000,,소나무
0,"소나무,해송","가시나무류,황칠나무",,"모감주나무,소사나무",50,50110,3531.66427200000,,소나무
0,"소나무,해송","가시나무류,황칠나무",,"모감주나무,소사나무",50,50110,136466.33685100000,,소나무
0,"소나무,해송","가시나무류,황칠나무",,"모감주나무,소사나무",50,50110,136466.33685100000,,소나무
0,"소나무,해송","가시나무류,황칠나무",,"모감주나무,소사나무",50,50110,15777.77333300000,,소나무
0,"소나무,해송","가시나무류,황칠나무",,"모감주나무,소사나무",50,50110,10552.25325000000,,소나무
0,"소나무,해송",가시나무류,,"모감주나무,소사나무",50,50110,44053.30363250000,,소나무
0,"소나무,해송",가시나무류,,"모감주나무,소사나무",50,50110,9035.07589350000,,소나무
0,"소나무,해송",가시나무류,,"모감주나무,소사나무",50,50110,63932.08585150000,,소나무
0,"소나무,해송",가시나무류,,"모감주나무,소사나무",50,50110,37351.67521200000,,소나무
0,"소나무,해송",가시나무류,,"모감주나무,소사나무",50,50110,142953.92103900000,,소나무
0,"소나무,해송",가시나무류,,"모감주나무,소사나무",50,50110,47014.57846250000,,소나무
0,"소나무,해송",가시나무류,,"모감주나무,소사나무",50,50110,10560.93038300000,,소나무
0,"소나무,해송",가시나무류,,"모감주나무,소사나무",50,50110,63600.81154150000,,소나무
0,"소나무,해송",가시나무류,,"모감주나무,소사나무",50,50110,53380.77047600000,,소나무
0,"소나무,해송",가시나무류,,"모감주나무,소사나무",50,50110,3766.44731000000,,소나무
0,"소나무,해송","가시나무류,황칠나무",,"모감주나무,소사나무",50,50110,88929.87925400000,,소나무
0,"소나무,해송","가시나무류,황칠나무",,"모감주나무,소사나무",50,50110,8046.66559700000,,소나무
0,"소나무,해송","가시나무류,황칠나무",,"모감주나무,소사나무",50,50110,8310.61596150000,,소나무
0,"소나무,해송","가시나무류,황칠나무",,"모감주나무,소사나무",50,50110,42928.17606450000,,소나무
0,"소나무,해송","가시나무류,황칠나무",,"모감주나무,소사나무",50,50110,9773.88904399000,,소나무
0,"소나무,해송","가시나무류,황칠나무",,"모감주나무,소사나무",50,50110,15944.23282600000,,소나무
0,"소나무,해송","가시나무류,황칠나무",,"모감주나무,소사나무",50,50110,15944.23282600000,,소나무
0,"소나무,해송","가시나무류,황칠나무",,"모감주나무,소사나무",50,50110,70114.80535650000,,소나무
0,"소나무,해송","가시나무류,황칠나무",,"모감주나무,소사나무",50,50110,70114.80535650000,,소나무
0,"소나무,해송","가시나무류,황칠나무",,"모감주나무,소사나무",50,50110,7826.25641150000,,소나무
0,"소나무,해송","가시나무류,황칠나무",,"모감주나무,소사나무",50,50110,7826.25641150000,,소나무
0,"소나무,해송","가시나무류,황칠나무",,"모감주나무,소사나무",50,50110,185687.06283100000,,소나무
0,"소나무,해송","가시나무류,황칠나무",,"모감주나무,소사나무",50,50110,185687.06283100000,,소나무
0,"소나무,해송","가시나무류,황칠나무",,"모감주나무,소사나무",50,50110,12386.30167400000,,소나무
0,"소나무,해송","가시나무류,황칠나무",,"모감주나무,소사나무",50,50110,11003.20669000000,,소나무
0,"소나무,해송","가시나무류,황칠나무",,"모감주나무,소사나무",50,50110,17901.52582650000,,소나무
0,"소나무,해송","가시나무류,황칠나무",,"모감주나무,소사나무",50,50110,108887.36030500000,,소나무
0,"소나무,해송","가시나무류,황칠나무",,"모감주나무,소사나무",50,50110,18342.10403600000,,소나무
0,"소나무,해송","가시나무류,황칠나무",,"모감주나무,소사나무",50,50110,22874.96631750000,,소나무
0,"소나무,해송","가시나무류,황칠나무",,"모감주나무,소사나무",50,50110,155445.18259800000,,소나무
0,"소나무,해송","가시나무류,황칠나무",,"모감주나무,소사나무",50,50110,18804.02091850000,,소나무
0,"소나무,해송","가시나무류,황칠나무",,"모감주나무,소사나무",50,50110,21621.70025650000,,소나무
0,"소나무,해송","가시나무류,황칠나무",,"모감주나무,소사나무",50,50110,17716.15266000000,,소나무
0,"소나무,해송","가시나무류,황칠나무",,"모감주나무,소사나무",50,50110,54248.78086100000,,소나무
0,"소나무,해송","가시나무류,황칠나무",,"모감주나무,소사나무",50,50110,31294.48252700000,,소나무
0,"소나무,해송","가시나무류,황칠나무",,"모감주나무,소사나무",50,50110,12606.63927400000,,소나무
0,"소나무,해송","가시나무류,황칠나무",,"모감주나무,소사나무",50,50110,111347.26331100000,,소나무
0,"소나무,해송","가시나무류,황칠나무",,"모감주나무,소사나무",50,50110,23955.70265950000,,소나무
0,"소나무,해송","가시나무류,황칠나무",,"모감주나무,소사나무",50,50110,68125.97008050000,,소나무
0,"소나무,해송",가시나무류,,"모감주나무,소사나무",50,50110,104299.72178400000,,소나무
0,"소나무,해송",가시나무류,,"모감주나무,소사나무",50,50110,559456.61091200000,,소나무
0,"소나무,해송",가시나무류,,"모감주나무,소사나무",50,50110,559456.61091200000,,소나무
0,"소나무,해송",가시나무류,,"모감주나무,소사나무",50,50110,42932.81370450000,,소나무
0,"소나무,해송",가시나무류,,"모감주나무,소사나무",50,50110,134962.29389900000,,소나무
0,"소나무,해송",가시나무류,,"모감주나무,소사나무",50,50110,89726.13660700000,,소나무
0,"소나무,해송",가시나무류,,"모감주나무,소사나무",50,50110,23294.46008000000,,소나무
0,"소나무,해송",가시나무류,,"모감주나무,소사나무",50,50110,94063.93611250000,,소나무
0,"소나무,해송",가시나무류,,"모감주나무,소사나무",50,50110,132826.03874300000,,소나무
0,"소나무,해송",가시나무류,,"모감주나무,소사나무",50,50110,49362.41467400000,,소나무
0,"소나무,해송",가시나무류,,"모감주나무,소사나무",50,50110,36061.85493350000,,소나무
0,"소나무,해송",가시나무류,,"모감주나무,소사나무",50,50110,276223.17624400000,,소나무
0,"소나무,해송",가시나무류,,"모감주나무,소사나무",50,50110,409620.52800600000,,소나무
0,"소나무,해송",가시나무류,,"모감주나무,소사나무",50,50110,195094.95560500000,,소나무
0,"소나무,해송",가시나무류,,"모감주나무,소사나무",50,50110,54139.25417100000,,소나무
0,"소나무,해송",가시나무류,,"모감주나무,소사나무",50,50110,143666.69552000000,,소나무
0,"소나무,해송",가시나무류,,"모감주나무,소사나무",50,50110,22610.32474350000,,소나무
0,"소나무,해송",가시나무류,,"모감주나무,소사나무",50,50110,138708.90584100000,,소나무
0,"소나무,해송",가시나무류,,"모감주나무,소사나무",50,50110,143652.26960800000,,소나무
0,"소나무,해송",가시나무류,,"모감주나무,소사나무",50,50110,8385.98683350000,,소나무
0,"소나무,해송",가시나무류,,"모감주나무,소사나무",50,50110,10856.42498850000,,소나무
0,"소나무,해송",가시나무류,,"모감주나무,소사나무",50,50110,405231.11585900000,,소나무
0,"소나무,해송",가시나무류,,"모감주나무,소사나무",50,50110,69692.03171650000,,소나무
0,"소나무,해송",가시나무류,,"모감주나무,소사나무",50,50110,69692.03171650000,,소나무
0,"소나무,해송",가시나무류,,"모감주나무,소사나무",50,50110,497768.48552500000,,소나무
0,"소나무,해송",가시나무류,,"모감주나무,소사나무",50,50110,497768.48552500000,,소나무
0,"소나무,해송",가시나무류,,"모감주나무,소사나무",50,50110,69342.78619900000,,소나무
0,"소나무,해송",가시나무류,,"모감주나무,소사나무",50,50110,13588.14725350000,,소나무
0,"소나무,해송",가시나무류,,"모감주나무,소사나무",50,50110,101536.87510200000,,소나무
0,"소나무,해송",가시나무류,,"모감주나무,소사나무",50,50110,397559.62855900000,,소나무
0,"소나무,해송",가시나무류,,"모감주나무,소사나무",50,50110,41808.53288900000,,소나무
0,"소나무,해송",가시나무류,,"모감주나무,소사나무",50,50110,24629.76418950000,,소나무
0,"소나무,해송",가시나무류,,"모감주나무,소사나무",50,50110,127851.60077400000,,소나무
0,"소나무,해송",가시나무류,,"모감주나무,소사나무",50,50110,19446.00502850000,,소나무
0,"소나무,해송",가시나무류,,"모감주나무,소사나무",50,50110,33366.99805550000,,소나무
0,"소나무,해송",가시나무류,,"모감주나무,소사나무",50,50110,396170.15516800000,,소나무
0,"소나무,해송",가시나무류,,"모감주나무,소사나무",50,50110,25875.64486100000,,소나무
0,"소나무,해송",가시나무류,,"모감주나무,소사나무",50,50110,45526.18987350000,,소나무
0,"소나무,해송","가시나무류,황칠나무",,"모감주나무,소사나무",50,50110,49891.09888100000,,소나무
0,"소나무,해송",가시나무류,,"모감주나무,소사나무",50,50110,258779.47162600000,,소나무
0,"소나무,해송","가시나무류,황칠나무",,"모감주나무,소사나무",50,50110,24350.12108200000,,소나무
0,"소나무,해송","가시나무류,황칠나무",,"모감주나무,소사나무",50,50110,15243.73873150000,,소나무
0,"소나무,해송","가시나무류,황칠나무",,"모감주나무,소사나무",50,50110,37101.15387000000,,소나무
0,"소나무,해송",가시나무류,,"모감주나무,소사나무",50,50110,31690.45837100000,,소나무
0,"소나무,해송",가시나무류,,"모감주나무,소사나무",50,50110,48596.10095100000,,소나무
0,"소나무,해송",가시나무류,,"모감주나무,소사나무",50,50110,44431.29492600000,,소나무
0,"소나무,해송",가시나무류,,"모감주나무,소사나무",50,50110,61325.37490150000,,소나무
0,소나무,,,,50,50110,169471.57097700000,,소나무
0,소나무,,,,50,50110,169471.57097700000,,소나무
0,환경보전림,,,,50,50110,67914.61530140000,,환경보전림
0,소나무,,,,50,50110,2086762.17626000000,,소나무
0,소나무,,,,50,50110,4227993.22679000000,,소나무
0,소나무,,,,50,50110,4227993.22679000000,,소나무
0,"삼나무,소나무,편백",,,,50,50110,1523548.81554000000,,삼나무
0,환경보전림,,,,50,50110,122873.54714500000,,환경보전림
0,소나무,,,,50,50110,144292.69143800000,,소나무
0,소나무,,,,50,50110,1098289.71799000000,,소나무
0,소나무,,,,50,50110,202216.19424600000,,소나무
0,소나무,,,,50,50110,679191.69777300000,,소나무
0,"삼나무,소나무,편백",,,,50,50110,3239190.75028000000,,삼나무
0,삼나무,가시나무류,,,50,50110,172795.58534200000,,삼나무
0,환경보전림,가시나무류,,,50,50110,114333.86233600000,,환경보전림
0,소나무,,,,50,50110,19.70595979020,,소나무
0,소나무,,,,50,50110,19.70595979020,,소나무
0,환경보전림,환경보전림,,,50,50130,49269.87691900000,,환경보전림
0,환경보전림,환경보전림,,,50,50130,49269.87691900000,,환경보전림
0,환경보전림,,,,50,50130,248658.93976400000,,환경보전림
0,소나무,,,,50,50110,248658.93976400000,,소나무
0,환경보전림,,,,50,50130,23034.59907790000,,환경보전림
0,환경보전림,,,,50,50110,23034.59907790000,,환경보전림
0,환경보전림,,,,50,50130,10081.42379720000,,환경보전림
0,환경보전림,,,,50,50110,10081.42379720000,,환경보전림
0,환경보전림,,,,50,50130,46561.24331849990,,환경보전림
0,환경보전림,,,,50,50110,46561.24331849990,,환경보전림
0,환경보전림,,,,50,50130,64982.82828350000,,환경보전림
0,환경보전림,,,,50,50110,64982.82828350000,,환경보전림
0,환경보전림,,,,50,50130,6415.37942050000,,환경보전림
0,환경보전림,,,,50,50110,6415.37942050000,,환경보전림
0,삼나무,,,,50,50130,237944.76049600000,,삼나무
0,소나무,,,,50,50110,237944.76049600000,,소나무
0,소나무,,,,50,50130,165416.13736600000,,소나무
0,소나무,,,,50,50110,165416.13736600000,,소나무
0,소나무,,,,50,50110,163.97319337600,,소나무
0,소나무,,,,50,50110,163.97319337600,,소나무
0,소나무,,,,50,50110,0.33154312712,,소나무
0,환경보전림,,,,50,50110,0.33154312712,,환경보전림
0,환경보전림,환경보전림,,,50,50110,34.69849449650,,환경보전림
0,환경보전림,환경보전림,,,50,50110,34.69849449650,,환경보전림
0,환경보전림,환경보전림,,,50,50110,34.69849449650,,환경보전림
0,환경보전림,환경보전림,,,50,50110,34.69849449650,,환경보전림
0,소나무,가시나무류,,,50,50110,29.58245850240,,소나무
0,소나무,가시나무류,,,50,50110,29.58245850240,,소나무
0,소나무,가시나무류,,,50,50110,29.58245850240,,소나무
0,소나무,가시나무류,,,50,50110,29.58245850240,,소나무
0,"소나무,해송","가시나무류,황칠나무",,"모감주나무,소사나무",50,50110,62.60039600040,,소나무
0,"소나무,해송","가시나무류,황칠나무",,"모감주나무,소사나무",50,50110,62.60039600040,,소나무
0,"소나무,해송","가시나무류,황칠나무",,"모감주나무,소사나무",50,50110,62.60039600040,,소나무
0,"소나무,해송","가시나무류,황칠나무",,"모감주나무,소사나무",50,50110,62.60039600040,,소나무
0,"소나무,해송","가시나무류,황칠나무",,"모감주나무,소사나무",50,50110,62.60039600040,,소나무
0,"소나무,해송","가시나무류,황칠나무",,"모감주나무,소사나무",50,50110,62.60039600040,,소나무
0,"소나무,해송","가시나무류,황칠나무",,"모감주나무,소사나무",50,50110,62.60039600040,,소나무
0,"소나무,해송","가시나무류,황칠나무",,"모감주나무,소사나무",50,50110,62.60039600040,,소나무
